frame,detected,det_x,det_y,kf_x,kf_y,interp_x,interp_y,smooth_x,smooth_y,final_x,final_y,source,confidence
1,False,,,,,,,,,,,none,0.0
2,False,,,,,,,,,,,none,0.0
3,False,,,,,,,,,,,none,0.0
4,False,,,,,,,,,,,none,0.0
5,False,,,,,,,,,,,none,0.0
6,False,,,,,,,,,,,none,0.0
7,False,,,,,,,,,,,none,0.0
8,False,,,,,,,,,,,none,0.0
9,False,,,,,,,,,,,none,0.0
10,False,,,,,,,,,,,none,0.0
11,False,,,,,,,,,,,none,0.0
12,False,,,,,,,,,,,none,0.0
13,False,,,,,,,,,,,none,0.0
14,False,,,,,,,,,,,none,0.0
15,False,,,,,,,,,,,none,0.0
16,False,,,,,,,,,,,none,0.0
17,False,,,,,,,,,,,none,0.0
18,False,,,,,,,,,,,none,0.0
19,False,,,,,,,,,,,none,0.0
20,False,,,,,,,,,,,none,0.0
21,False,,,,,,,,,,,none,0.0
22,False,,,,,,,,,,,none,0.0
23,False,,,,,,,,,,,none,0.0
24,False,,,,,,,,,,,none,0.0
25,False,,,,,,,,,,,none,0.0
26,False,,,,,,,,,,,none,0.0
27,False,,,,,,,,,,,none,0.0
28,False,,,,,,,,,,,none,0.0
29,False,,,,,,,,,,,none,0.0
30,False,,,,,,,,,,,none,0.0
31,False,,,,,,,,,,,none,0.0
32,False,,,,,,,,,,,none,0.0
33,False,,,,,,,,,,,none,0.0
34,False,,,,,,,,,,,none,0.0
35,False,,,,,,,,,,,none,0.0
36,False,,,,,,,,,,,none,0.0
37,False,,,,,,,,,,,none,0.0
38,False,,,,,,,,,,,none,0.0
39,False,,,,,,,,,,,none,0.0
40,False,,,,,,,,,,,none,0.0
41,False,,,,,,,,,,,none,0.0
42,False,,,,,,,,,,,none,0.0
43,False,,,,,,,,,,,none,0.0
44,False,,,,,,,,,,,none,0.0
45,False,,,,,,,,,,,none,0.0
46,False,,,,,,,,,,,none,0.0
47,False,,,,,,,,,,,none,0.0
48,False,,,,,,,,,,,none,0.0
49,False,,,,,,,,,,,none,0.0
50,False,,,,,,,,,,,none,0.0
51,False,,,,,,,826.0,666.0,826.0,666.0,interp,0.0
52,False,,,,,,,825.75,660.25,825.75,660.25,interp,0.0
53,True,826.0,666.0,0.0,0.0,826.0,666.0,825.5,654.5,826.0,666.0,det,0.2152007520198822
54,False,,,0.0,0.0,825.5,654.5,825.125,649.625,0.0,0.0,kf,0.0
55,True,825.0,643.0,4.0,3.0,825.0,643.0,824.7,645.1,825.0,643.0,det,0.3713979125022888
56,False,,,4.0,3.0,824.0,635.0,823.6200000000001,635.42,4.0,3.0,kf,0.0
57,True,823.0,627.0,19.0,14.0,823.0,627.0,822.1600000000001,626.1600000000001,823.0,627.0,det,0.376267671585083
58,False,,,24.0,18.0,820.6,617.6,820.32,617.3199999999999,24.0,18.0,kf,0.0
59,False,,,29.0,22.0,818.2,608.2,818.2,608.2,29.0,22.0,kf,0.0
60,False,,,33.0,25.0,815.8,598.8,815.8,598.8,33.0,25.0,kf,0.0
61,False,,,38.0,29.0,813.4,589.4,813.6800000000001,589.6800000000001,38.0,29.0,kf,0.0
62,True,811.0,580.0,244.0,176.0,811.0,580.0,812.04,581.4399999999999,811.0,580.0,det,0.2396471202373504
63,True,810.0,572.0,244.0,174.0,810.0,572.0,810.48,573.28,810.0,572.0,det,0.2133299857378006
64,True,810.0,567.0,244.0,173.0,810.0,567.0,809.4,565.6,810.0,567.0,det,0.1260025054216385
65,True,808.0,558.0,244.0,170.0,808.0,558.0,808.6,559.0,808.0,558.0,det,0.5034447908401489
66,True,808.0,551.0,244.0,168.0,808.0,551.0,807.6,552.7,808.0,551.0,det,0.700300931930542
67,True,807.0,547.0,243.0,167.0,807.0,547.0,806.2,546.1,807.0,547.0,det,0.6993075609207153
68,False,,,299.0,205.0,805.0,540.5,805.0,540.1,299.0,205.0,kf,0.0
69,True,803.0,534.0,451.0,304.0,803.0,534.0,803.4,534.5,803.0,534.0,det,0.4670637547969818
70,True,802.0,528.0,451.0,303.0,802.0,528.0,801.8,528.6,802.0,528.0,det,0.7022953629493713
71,True,800.0,523.0,450.0,301.0,800.0,523.0,800.4,522.9,800.0,523.0,det,0.5672418475151062
72,False,,,539.0,360.0,799.0,517.5,799.2,517.7,539.0,360.0,kf,0.0
73,True,798.0,512.0,622.0,409.0,798.0,512.0,797.875,513.15,798.0,512.0,det,0.1262431889772415
74,True,797.0,508.0,622.0,407.0,797.0,508.0,796.625,509.05,797.0,508.0,det,0.435943603515625
75,False,,,727.0,476.0,795.375,505.25,795.25,505.5,727.0,476.0,kf,0.0
76,False,,,833.0,545.0,793.75,502.5,793.75,502.5,833.0,545.0,kf,0.0
77,False,,,939.0,613.0,792.125,499.75,792.125,499.75,939.0,613.0,kf,0.0
78,False,,,1045.0,682.0,790.5,497.0,790.5,497.0,1045.0,682.0,kf,0.0
79,False,,,1150.0,750.0,788.875,494.25,788.875,494.25,1150.0,750.0,kf,0.0
80,False,,,1256.0,819.0,787.25,491.5,787.25,491.5,1256.0,819.0,kf,0.0
81,False,,,1362.0,888.0,785.625,488.75,785.75,489.1,1362.0,888.0,kf,0.0
82,True,784.0,486.0,919.0,580.0,784.0,486.0,784.375,487.05,784.0,486.0,det,0.2068462371826172
83,True,783.0,485.0,918.0,579.0,783.0,485.0,783.325,485.55,783.0,485.0,det,0.3832180500030517
84,True,782.0,484.0,918.0,578.0,782.0,484.0,782.4,484.2,782.0,484.0,det,0.299294114112854
85,True,782.0,484.0,918.0,578.0,782.0,484.0,781.6,483.4,782.0,484.0,det,0.3738774359226227
86,True,781.0,482.0,917.0,577.0,781.0,482.0,780.6,482.8,781.0,482.0,det,0.5224758386611938
87,True,780.0,482.0,916.0,577.0,780.0,482.0,779.6,482.4,780.0,482.0,det,0.5036061406135559
88,True,778.0,482.0,914.0,577.0,778.0,482.0,778.2,482.4,778.0,482.0,det,0.6351752281188965
89,True,777.0,482.0,914.0,577.0,777.0,482.0,776.8,483.0,777.0,482.0,det,0.619518518447876
90,True,775.0,484.0,912.0,578.0,775.0,484.0,775.6,483.6,775.0,484.0,det,0.5197921991348267
91,True,774.0,485.0,911.0,579.0,774.0,485.0,774.6,484.4,774.0,485.0,det,0.5704175233840942
92,True,774.0,485.0,911.0,579.0,774.0,485.0,773.4666666666667,485.8333333333333,774.0,485.0,det,0.4671195149421692
93,True,773.0,486.0,911.0,580.0,773.0,486.0,772.4,487.5,773.0,486.0,det,0.1764987260103225
94,False,,,962.0,611.0,771.3333333333334,489.1666666666667,771.2,489.6,962.0,611.0,kf,0.0
95,False,,,1012.0,642.0,769.6666666666666,492.3333333333333,769.6666666666667,492.3333333333333,1012.0,642.0,kf,0.0
96,False,,,1063.0,673.0,768.0,495.5,768.0,495.5,1063.0,673.0,kf,0.0
97,False,,,1114.0,704.0,766.3333333333334,498.6666666666667,766.3333333333333,498.66666666666663,1114.0,704.0,kf,0.0
98,False,,,1165.0,736.0,764.6666666666666,501.8333333333333,764.6,501.8,1165.0,736.0,kf,0.0
99,True,763.0,505.0,869.0,566.0,763.0,505.0,763.2,504.7,763.0,505.0,det,0.1599806398153305
100,True,761.0,508.0,868.0,568.0,761.0,508.0,762.0333333333333,508.16666666666663,761.0,508.0,det,0.3628101646900177
101,True,761.0,510.0,868.0,570.0,761.0,510.0,761.1,512.2,761.0,510.0,det,0.2024879604578018
102,False,,,884.0,581.0,760.5,516.0,760.3,516.4,884.0,581.0,kf,0.0
103,True,760.0,522.0,823.0,552.0,760.0,522.0,759.7,521.2,760.0,522.0,det,0.6414003372192383
104,True,759.0,526.0,823.0,554.0,759.0,526.0,761.7,524.2,759.0,526.0,det,0.687370777130127
105,True,758.0,532.0,822.0,557.0,758.0,532.0,770.0,521.6,758.0,532.0,det,0.498888224363327
106,True,771.0,525.0,829.0,554.0,771.0,525.0,783.6,514.8,771.0,525.0,det,0.1008500382304191
107,True,802.0,503.0,844.0,543.0,802.0,503.0,801.4,504.2,802.0,503.0,det,0.6425139307975769
108,True,828.0,488.0,856.0,536.0,828.0,488.0,824.0,489.4,828.0,488.0,det,0.4204970002174377
109,True,848.0,473.0,866.0,528.0,848.0,473.0,847.8666666666666,473.5333333333333,848.0,473.0,det,0.2034090906381607
110,True,871.0,458.0,877.0,521.0,871.0,458.0,869.4,459.6,871.0,458.0,det,0.6623683571815491
111,False,,,892.0,525.0,890.3333333333334,445.6666666666667,889.6,446.2,892.0,525.0,kf,0.0
112,False,,,908.0,529.0,909.6666666666666,433.3333333333333,908.8,434.2,908.0,529.0,kf,0.0
113,True,929.0,421.0,917.0,478.0,929.0,421.0,914.05,440.4,929.0,421.0,det,0.1324895322322845
114,True,944.0,413.0,925.0,474.0,944.0,413.0,906.0833333333333,464.2666666666666,944.0,413.0,det,0.2450142353773117
115,False,,,942.0,469.0,897.25,489.0,884.9,505.8,942.0,469.0,kf,0.0
116,False,,,960.0,465.0,850.5,565.0,850.5,565.0,960.0,465.0,kf,0.0
117,False,,,978.0,460.0,803.75,641.0,827.45,608.0,978.0,460.0,kf,0.0
118,True,757.0,717.0,853.0,604.0,757.0,717.0,828.1,618.0,757.0,717.0,det,0.3090404272079468
119,False,,,852.0,622.0,828.75,628.0,852.45,595.0,852.0,622.0,kf,0.0
120,False,,,850.0,640.0,900.5,539.0,900.5,539.0,850.0,640.0,kf,0.0
121,False,,,848.0,658.0,972.25,450.0,959.1,467.2,848.0,658.0,kf,0.0
122,True,1044.0,361.0,964.0,481.0,1044.0,361.0,1005.35,412.8,1044.0,361.0,det,0.5428562760353088
123,True,1050.0,358.0,968.0,479.0,1050.0,358.0,1038.85,375.8,1050.0,358.0,det,0.269236296415329
124,True,1060.0,356.0,974.0,478.0,1060.0,356.0,1058.8,356.6,1060.0,356.0,det,0.2154970318078994
125,True,1068.0,354.0,979.0,477.0,1068.0,354.0,1065.9,354.8,1068.0,354.0,det,0.5113864541053772
126,True,1072.0,354.0,981.0,477.0,1072.0,354.0,1073.3,353.2,1072.0,354.0,det,0.1315001994371414
127,False,,,999.0,468.0,1079.5,352.0,1079.75,351.7,999.0,468.0,kf,0.0
128,True,1087.0,350.0,1038.0,415.0,1087.0,350.0,1085.65,350.3,1087.0,350.0,det,0.1130572333931922
129,False,,,1062.0,398.0,1092.25,348.5,1091.8,348.6,1062.0,398.0,kf,0.0
130,False,,,1086.0,381.0,1097.5,347.0,1097.5,347.0,1086.0,381.0,kf,0.0
131,False,,,1110.0,364.0,1102.75,345.5,1102.5666666666666,345.56666666666666,1110.0,364.0,kf,0.0
132,True,1108.0,344.0,1109.0,353.0,1108.0,344.0,1107.45,344.2,1108.0,344.0,det,0.1697207540273666
133,False,,,1132.0,334.0,1112.3333333333333,342.8333333333333,1112.15,342.9,1132.0,334.0,kf,0.0
134,False,,,1156.0,316.0,1116.6666666666667,341.6666666666667,1116.6666666666665,341.66666666666663,1156.0,316.0,kf,0.0
135,False,,,1180.0,297.0,1121.0,340.5,1121.0,340.5,1180.0,297.0,kf,0.0
136,False,,,1203.0,278.0,1125.3333333333333,339.3333333333333,1125.3333333333335,339.33333333333337,1203.0,278.0,kf,0.0
137,False,,,1227.0,260.0,1129.6666666666667,338.1666666666667,1129.6,336.0,1227.0,260.0,kf,0.0
138,True,1134.0,337.0,1160.0,315.0,1134.0,337.0,1133.8,330.5,1134.0,337.0,det,0.4919762909412384
139,False,,,1175.0,303.0,1138.0,325.0,1137.7733333333333,323.03333333333336,1175.0,303.0,kf,0.0
140,True,1142.0,313.0,1159.0,308.0,1142.0,313.0,1141.52,313.6,1142.0,313.0,det,0.5669361352920532
141,False,,,1172.0,297.0,1145.2,302.0,1145.04,302.2,1172.0,297.0,kf,0.0
142,False,,,1185.0,286.0,1148.4,291.0,1148.4,291.0,1185.0,286.0,kf,0.0
143,False,,,1197.0,275.0,1151.6,280.0,1151.6,280.0,1197.0,275.0,kf,0.0
144,False,,,1210.0,264.0,1154.8,269.0,1154.71,269.35,1210.0,264.0,kf,0.0
145,True,1158.0,258.0,1177.0,260.0,1158.0,258.0,1157.73,259.05,1158.0,258.0,det,0.2985709607601166
146,False,,,1185.0,248.0,1160.75,248.75,1160.66,249.1,1185.0,248.0,kf,0.0
147,False,,,1194.0,237.0,1163.5,239.5,1163.5,239.5,1194.0,237.0,kf,0.0
148,False,,,1202.0,225.0,1166.25,230.25,1165.351063829787,231.86170212765956,1202.0,225.0,kf,0.0
149,True,1169.0,221.0,1182.0,222.0,1169.0,221.0,1166.3031914893618,225.83510638297872,1169.0,221.0,det,0.2306872606277465
150,False,,,1187.0,211.0,1167.2553191489362,219.80851063829786,1166.3563829787233,221.42021276595742,1187.0,211.0,kf,0.0
151,False,,,1192.0,199.0,1165.5106382978724,218.61702127659575,1165.5106382978724,218.61702127659572,1192.0,199.0,kf,0.0
152,False,,,1198.0,187.0,1163.7659574468084,217.4255319148936,1163.7659574468084,217.4255319148936,1198.0,187.0,kf,0.0
153,False,,,1203.0,175.0,1162.0212765957447,216.2340425531915,1162.0212765957447,216.23404255319147,1203.0,175.0,kf,0.0
154,False,,,1208.0,163.0,1160.276595744681,215.04255319148936,1160.276595744681,215.04255319148933,1208.0,163.0,kf,0.0
155,False,,,1213.0,151.0,1158.531914893617,213.85106382978722,1158.531914893617,213.85106382978725,1213.0,151.0,kf,0.0
156,False,,,1219.0,139.0,1156.787234042553,212.6595744680851,1156.7872340425533,212.6595744680851,1219.0,139.0,kf,0.0
157,False,,,1224.0,127.0,1155.0425531914893,211.46808510638297,1155.0425531914893,211.46808510638297,1224.0,127.0,kf,0.0
158,False,,,1229.0,115.0,1153.2978723404256,210.27659574468086,1153.2978723404256,210.27659574468083,1229.0,115.0,kf,0.0
159,False,,,1235.0,103.0,1151.5531914893618,209.08510638297872,1151.5531914893618,209.08510638297872,1235.0,103.0,kf,0.0
160,False,,,1240.0,91.0,1149.8085106382978,207.8936170212766,1149.808510638298,207.8936170212766,1240.0,91.0,kf,0.0
161,False,,,1245.0,80.0,1148.063829787234,206.70212765957447,1148.063829787234,206.7021276595745,1245.0,80.0,kf,0.0
162,False,,,1251.0,68.0,1146.3191489361702,205.51063829787233,1146.3191489361702,205.51063829787236,1251.0,68.0,kf,0.0
163,False,,,1256.0,56.0,1144.5744680851064,204.31914893617022,1144.5744680851062,204.31914893617022,1256.0,56.0,kf,0.0
164,False,,,1261.0,44.0,1142.8297872340424,203.12765957446808,1142.8297872340424,203.12765957446808,1261.0,44.0,kf,0.0
165,False,,,1266.0,32.0,1141.0851063829787,201.93617021276594,1141.085106382979,201.93617021276594,1266.0,32.0,kf,0.0
166,False,,,1272.0,20.0,1139.340425531915,200.74468085106383,1139.3404255319151,200.74468085106383,1272.0,20.0,kf,0.0
167,False,,,1277.0,8.0,1137.595744680851,199.5531914893617,1137.595744680851,199.55319148936172,1277.0,8.0,kf,0.0
168,False,,,1282.0,-3.0,1135.8510638297873,198.36170212765958,1135.851063829787,198.36170212765958,1135.851063829787,198.36170212765958,interp,0.0
169,False,,,1288.0,-15.0,1134.1063829787233,197.17021276595744,1134.1063829787236,197.17021276595747,1134.1063829787236,197.17021276595747,interp,0.0
170,False,,,1293.0,-27.0,1132.3617021276596,195.97872340425533,1132.3617021276596,195.9787234042553,1132.3617021276596,195.9787234042553,interp,0.0
171,False,,,1298.0,-39.0,1130.6170212765958,194.7872340425532,1130.6170212765956,194.7872340425532,1130.6170212765956,194.7872340425532,interp,0.0
172,False,,,1304.0,-50.0,1128.872340425532,193.59574468085106,1128.872340425532,193.59574468085106,1128.872340425532,193.59574468085106,interp,0.0
173,False,,,1309.0,-62.0,1127.127659574468,192.40425531914894,1127.127659574468,192.40425531914894,1127.127659574468,192.40425531914894,interp,0.0
174,False,,,1314.0,-74.0,1125.3829787234042,191.2127659574468,1125.382978723404,191.21276595744683,1125.382978723404,191.21276595744683,interp,0.0
175,False,,,1319.0,-86.0,1123.6382978723404,190.02127659574467,1123.6382978723404,190.0212765957447,1123.6382978723404,190.0212765957447,interp,0.0
176,False,,,1325.0,-98.0,1121.8936170212767,188.82978723404256,1121.8936170212764,188.82978723404253,1121.8936170212764,188.82978723404253,interp,0.0
177,False,,,1330.0,-110.0,1120.1489361702127,187.63829787234044,1120.148936170213,187.63829787234042,1120.148936170213,187.63829787234042,interp,0.0
178,False,,,1335.0,-122.0,1118.404255319149,186.4468085106383,1118.404255319149,186.4468085106383,1118.404255319149,186.4468085106383,interp,0.0
179,False,,,1341.0,-134.0,1116.659574468085,185.25531914893617,1116.6595744680849,185.25531914893617,1116.6595744680849,185.25531914893617,interp,0.0
180,False,,,1346.0,-146.0,1114.9148936170213,184.06382978723406,1114.914893617021,184.06382978723406,1114.914893617021,184.06382978723406,interp,0.0
181,False,,,1351.0,-158.0,1113.1702127659573,182.87234042553192,1113.1702127659576,182.87234042553195,1113.1702127659576,182.87234042553195,interp,0.0
182,False,,,1357.0,-170.0,1111.4255319148936,181.68085106382978,1111.4255319148936,181.68085106382978,1111.4255319148936,181.68085106382978,interp,0.0
183,False,,,1362.0,-181.0,1109.6808510638298,180.48936170212767,1109.6808510638298,180.48936170212767,1109.6808510638298,180.48936170212767,interp,0.0
184,False,,,1367.0,-193.0,1107.936170212766,179.29787234042553,1107.9361702127658,179.2978723404255,1107.9361702127658,179.2978723404255,interp,0.0
185,False,,,1372.0,-205.0,1106.1914893617022,178.1063829787234,1106.1914893617022,178.1063829787234,1106.1914893617022,178.1063829787234,interp,0.0
186,False,,,1378.0,-217.0,1104.4468085106382,176.91489361702128,1104.4468085106382,176.91489361702128,1104.4468085106382,176.91489361702128,interp,0.0
187,False,,,1383.0,-229.0,1102.7021276595744,175.72340425531917,1102.7021276595744,175.72340425531917,1102.7021276595744,175.72340425531917,interp,0.0
188,False,,,1388.0,-241.0,1100.9574468085107,174.53191489361703,1100.9574468085107,174.53191489361703,1100.9574468085107,174.53191489361703,interp,0.0
189,False,,,1394.0,-253.0,1099.212765957447,173.3404255319149,1099.2127659574467,173.3404255319149,1099.2127659574467,173.3404255319149,interp,0.0
190,False,,,1399.0,-265.0,1097.468085106383,172.14893617021278,1097.468085106383,172.14893617021275,1097.468085106383,172.14893617021275,interp,0.0
191,False,,,1404.0,-277.0,1095.723404255319,170.95744680851064,1095.723404255319,170.95744680851064,1095.723404255319,170.95744680851064,interp,0.0
192,False,,,1410.0,-289.0,1093.9787234042553,169.7659574468085,1093.9787234042553,169.7659574468085,1093.9787234042553,169.7659574468085,interp,0.0
193,False,,,1415.0,-300.0,1092.2340425531916,168.5744680851064,1092.2340425531916,168.5744680851064,1092.2340425531916,168.5744680851064,interp,0.0
194,False,,,1420.0,-312.0,1090.4893617021276,167.38297872340425,1090.4893617021276,167.38297872340428,1090.4893617021276,167.38297872340428,interp,0.0
195,False,,,1425.0,-324.0,1088.7446808510638,166.19148936170214,1087.3602836879431,167.7631205673759,1087.3602836879431,167.7631205673759,interp,0.0
196,True,1087.0,165.0,1088.0,163.0,1087.0,165.0,1082.8468085106383,169.7148936170213,1087.0,165.0,det,0.4646755754947662
197,False,,,1083.0,165.0,1078.3333333333333,171.66666666666666,1076.9489361702128,173.23829787234044,1083.0,165.0,kf,0.0
198,False,,,1079.0,167.0,1069.6666666666667,178.33333333333334,1069.4,178.4,1079.0,167.0,kf,0.0
199,True,1061.0,185.0,1068.0,177.0,1061.0,185.0,1061.0,185.2,1061.0,185.0,det,0.383259117603302
200,True,1051.0,192.0,1062.0,182.0,1051.0,192.0,1052.3333333333335,192.26666666666665,1051.0,192.0,det,0.1948465406894683
201,True,1045.0,199.0,1058.0,186.0,1045.0,199.0,1043.4,199.6,1045.0,199.0,det,0.2554537355899811
202,False,,,1051.0,191.0,1035.0,207.0,1034.6,207.2,1051.0,191.0,kf,0.0
203,True,1025.0,215.0,1039.0,201.0,1025.0,215.0,1025.85,215.4,1025.0,215.0,det,0.5539326667785645
204,True,1017.0,223.0,1035.0,205.0,1017.0,223.0,1016.35,224.2,1017.0,223.0,det,0.4047873020172119
205,False,,,1025.0,213.0,1007.25,233.0,1006.9,233.4,1025.0,213.0,kf,0.0
206,False,,,1015.0,220.0,997.5,243.0,997.5,243.0,1015.0,220.0,kf,0.0
207,False,,,1005.0,228.0,987.75,253.0,987.9,253.0666666666667,1005.0,228.0,kf,0.0
208,True,978.0,263.0,988.0,249.0,978.0,263.0,978.45,263.2,978.0,263.0,det,0.3962704539299011
209,False,,,974.0,261.0,969.0,273.3333333333333,969.15,273.4,974.0,261.0,kf,0.0
210,False,,,961.0,273.0,960.0,283.6666666666667,960.0,284.6,961.0,273.0,kf,0.0
211,True,951.0,294.0,955.0,285.0,951.0,294.0,951.0,296.3,951.0,294.0,det,0.2452276200056076
212,True,942.0,309.0,950.0,293.0,942.0,309.0,942.0,308.4333333333333,942.0,309.0,det,0.3700829446315765
213,False,,,934.0,308.0,933.0,321.5,933.2,320.5,934.0,308.0,kf,0.0
214,True,924.0,334.0,930.0,320.0,924.0,334.0,924.4,333.1,924.0,334.0,det,0.5989200472831726
215,True,916.0,344.0,926.0,324.0,916.0,344.0,915.3333333333333,345.83333333333337,916.0,344.0,det,0.2485841661691665
216,True,907.0,357.0,922.0,330.0,907.0,357.0,906.0,359.2,907.0,357.0,det,0.3590889871120453
217,False,,,904.0,349.0,896.6666666666666,372.6666666666667,896.4,373.2,904.0,349.0,kf,0.0
218,False,,,887.0,367.0,886.3333333333334,388.3333333333333,886.4,388.4,887.0,367.0,kf,0.0
219,True,876.0,404.0,881.0,385.0,876.0,404.0,876.2,404.2,876.0,404.0,det,0.5889588594436646
220,False,,,863.0,406.0,866.0,420.0,866.2666666666667,420.0666666666667,863.0,406.0,kf,0.0
221,True,856.0,436.0,860.0,418.0,856.0,436.0,855.8,436.6,856.0,436.0,det,0.3306728005409241
222,True,847.0,452.0,856.0,425.0,847.0,452.0,846.4,453.2,847.0,452.0,det,0.2502108812332153
223,True,834.0,471.0,851.0,432.0,834.0,471.0,836.8,470.2,834.0,471.0,det,0.1547131389379501
224,True,829.0,487.0,849.0,439.0,829.0,487.0,827.2,487.8,829.0,487.0,det,0.3360926210880279
225,True,818.0,505.0,845.0,446.0,818.0,505.0,817.2,506.0,818.0,505.0,det,0.2431583255529403
226,True,808.0,524.0,841.0,454.0,808.0,524.0,807.8,524.0,808.0,524.0,det,0.6747470498085022
227,True,797.0,543.0,836.0,462.0,797.0,543.0,797.8,540.2,797.0,543.0,det,0.3218005299568176
228,True,787.0,561.0,832.0,469.0,787.0,561.0,788.1,552.8,787.0,561.0,det,0.2180853635072708
229,True,779.0,568.0,829.0,472.0,779.0,568.0,778.5,561.6,779.0,568.0,det,0.5390874147415161
230,False,,,805.0,505.0,769.5,568.0,769.3,566.4,805.0,505.0,kf,0.0
231,True,760.0,568.0,788.0,528.0,760.0,568.0,760.3,567.7,760.0,568.0,det,0.2659212052822113
232,True,751.0,567.0,785.0,527.0,751.0,567.0,751.1,567.7,751.0,567.0,det,0.3062560260295868
233,False,,,757.0,564.0,742.0,567.5,741.8,567.7,757.0,564.0,kf,0.0
234,True,733.0,568.0,748.0,565.0,733.0,568.0,732.4,567.7,733.0,568.0,det,0.332999974489212
235,True,723.0,568.0,745.0,565.0,723.0,568.0,723.0,568.5,723.0,568.0,det,0.2106651961803436
236,True,713.0,568.0,741.0,565.0,713.0,568.0,713.2,569.2,713.0,568.0,det,0.5120750069618225
237,True,704.0,571.0,738.0,566.0,704.0,571.0,703.4,570.4,704.0,571.0,det,0.6405154466629028
238,True,693.0,571.0,734.0,566.0,693.0,571.0,693.8,572.0,693.0,571.0,det,0.1256891340017318
239,True,684.0,574.0,731.0,568.0,684.0,574.0,684.0,574.4,684.0,574.0,det,0.6848386526107788
240,True,675.0,576.0,728.0,568.0,675.0,576.0,674.0,576.8,675.0,576.0,det,0.1177733018994331
241,True,664.0,580.0,724.0,570.0,664.0,580.0,664.1,580.1,664.0,580.0,det,0.5032789707183838
242,True,654.0,583.0,721.0,571.0,654.0,583.0,653.9,583.7,654.0,583.0,det,0.5064665675163269
243,False,,,686.0,609.0,643.5,587.5,642.9,587.5,686.0,609.0,kf,0.0
244,True,633.0,592.0,668.0,603.0,633.0,592.0,632.5,591.1,633.0,592.0,det,0.2666354775428772
245,True,620.0,595.0,664.0,604.0,620.0,595.0,622.1,595.1,620.0,595.0,det,0.1003261804580688
246,True,612.0,598.0,661.0,605.0,612.0,598.0,611.6,599.45,612.0,598.0,det,0.7222152352333069
247,True,602.0,603.0,657.0,607.0,602.0,603.0,601.0,604.15,602.0,603.0,det,0.1900723129510879
248,False,,,618.0,644.0,591.0,609.25,590.8,609.5,618.0,644.0,kf,0.0
249,False,,,578.0,682.0,580.0,615.5,580.0,615.5,578.0,682.0,kf,0.0
250,False,,,538.0,720.0,569.0,621.75,568.4,622.7,538.0,720.0,kf,0.0
251,True,558.0,628.0,548.0,672.0,558.0,628.0,557.0,629.65,558.0,628.0,det,0.3179088830947876
252,True,544.0,639.0,541.0,678.0,544.0,639.0,545.0,637.15,544.0,639.0,det,0.1676680743694305
253,True,534.0,644.0,536.0,680.0,534.0,644.0,533.4,645.4,534.0,644.0,det,0.5777435302734375
254,True,520.0,653.0,529.0,685.0,520.0,653.0,521.4,654.0,520.0,653.0,det,0.3327952325344085
255,True,511.0,663.0,524.0,690.0,511.0,663.0,510.0,662.2,511.0,663.0,det,0.3515011370182037
256,True,498.0,671.0,517.0,694.0,498.0,671.0,498.0,671.4,498.0,671.0,det,0.5077734589576721
257,True,487.0,680.0,512.0,699.0,487.0,680.0,486.4,680.8,487.0,680.0,det,0.4966073632240295
258,True,474.0,690.0,505.0,704.0,474.0,690.0,474.0,690.8,474.0,690.0,det,0.5387694239616394
259,True,462.0,700.0,499.0,709.0,462.0,700.0,462.0,701.4,462.0,700.0,det,0.3348899483680725
260,True,449.0,713.0,492.0,716.0,449.0,713.0,449.6,712.8,449.0,713.0,det,0.5701854825019836
261,True,438.0,724.0,486.0,722.0,438.0,724.0,437.6,724.4,438.0,724.0,det,0.5306800603866577
262,True,425.0,737.0,480.0,728.0,425.0,737.0,425.6,736.2,425.0,737.0,det,0.4868015944957733
263,True,414.0,748.0,474.0,734.0,414.0,748.0,421.6,738.4,414.0,748.0,det,0.5015583038330078
264,True,402.0,759.0,468.0,740.0,402.0,759.0,424.8,732.4,402.0,759.0,det,0.1054207161068916
265,True,429.0,724.0,482.0,722.0,429.0,724.0,434.8,717.8,429.0,724.0,det,0.2699034512042999
266,True,454.0,694.0,495.0,706.0,454.0,694.0,453.4,693.2,454.0,694.0,det,0.2307721972465515
267,True,475.0,664.0,505.0,691.0,475.0,664.0,478.2,661.8,475.0,664.0,det,0.3898874521255493
268,True,507.0,625.0,522.0,671.0,507.0,625.0,502.2,632.0,507.0,625.0,det,0.4006601274013519
269,True,526.0,602.0,532.0,659.0,526.0,602.0,525.2,603.2,526.0,602.0,det,0.3044889867305755
270,True,549.0,575.0,544.0,645.0,549.0,575.0,547.8,575.6,549.0,575.0,det,0.4236834049224853
271,True,569.0,550.0,554.0,632.0,569.0,550.0,567.8,551.0,569.0,550.0,det,0.3360409736633301
272,True,588.0,526.0,564.0,620.0,588.0,526.0,587.1,527.5,588.0,526.0,det,0.7062214016914368
273,True,607.0,502.0,573.0,607.0,607.0,502.0,604.9,505.9,607.0,502.0,det,0.3859339654445648
274,False,,,540.0,626.0,622.5,484.5,621.8,485.8,540.0,626.0,kf,0.0
275,False,,,506.0,645.0,638.0,467.0,638.0,467.0,506.0,645.0,kf,0.0
276,False,,,472.0,663.0,653.5,449.5,653.4,449.8,472.0,663.0,kf,0.0
277,True,669.0,432.0,587.0,528.0,669.0,432.0,668.3,433.5,669.0,432.0,det,0.2329208701848983
278,True,684.0,416.0,595.0,519.0,684.0,416.0,682.7,418.1,684.0,416.0,det,0.4110735356807709
279,False,,,580.0,516.0,697.0,403.0,696.25,403.85,580.0,516.0,kf,0.0
280,True,710.0,390.0,638.0,460.0,710.0,390.0,708.95,390.75,710.0,390.0,det,0.4478980004787445
281,False,,,631.0,448.0,721.25,378.25,720.9,378.5,631.0,448.0,kf,0.0
282,False,,,624.0,437.0,732.5,366.5,732.5,366.5,624.0,437.0,kf,0.0
283,False,,,618.0,425.0,743.75,354.75,743.1,355.5,618.0,425.0,kf,0.0
284,True,755.0,343.0,692.0,380.0,755.0,343.0,753.45,345.05,755.0,343.0,det,0.3714353144168854
285,True,763.0,335.0,696.0,376.0,763.0,335.0,763.55,335.15,763.0,335.0,det,0.2952182590961456
286,False,,,702.0,357.0,773.0,326.0,773.2,326.1333333333333,702.0,357.0,kf,0.0
287,True,783.0,317.0,737.0,339.0,783.0,317.0,782.4,318.0,783.0,317.0,det,0.2146643698215484
288,False,,,748.0,318.0,792.0,309.6666666666667,791.8,310.0,748.0,318.0,kf,0.0
289,False,,,759.0,296.0,801.0,302.3333333333333,801.2,302.2,759.0,296.0,kf,0.0
290,True,810.0,295.0,782.0,295.0,810.0,295.0,810.0,295.4,810.0,295.0,det,0.1320864111185073
291,True,820.0,287.0,787.0,292.0,820.0,287.0,818.3333333333333,289.0,820.0,287.0,det,0.3138020038604736
292,True,827.0,283.0,790.0,290.0,827.0,283.0,826.2,283.0,827.0,283.0,det,0.5982213020324707
293,False,,,806.0,267.0,833.6666666666666,277.6666666666667,833.6,277.4,806.0,267.0,kf,0.0
294,False,,,822.0,244.0,840.3333333333334,272.3333333333333,840.6,272.8,822.0,244.0,kf,0.0
295,True,847.0,267.0,834.0,255.0,847.0,267.0,847.0,268.0,847.0,267.0,det,0.4924685060977936
296,True,855.0,264.0,838.0,253.0,855.0,264.0,853.8666666666668,264.06666666666666,855.0,264.0,det,0.7379482984542847
297,True,859.0,259.0,839.0,251.0,859.0,259.0,860.0,260.6,859.0,259.0,det,0.2328387945890426
298,True,868.0,258.0,844.0,250.0,868.0,258.0,865.5285714285714,257.9214285714286,868.0,258.0,det,0.1580272614955902
299,True,871.0,255.0,845.0,249.0,871.0,255.0,870.1857142857143,255.56428571428575,871.0,255.0,det,0.1522592157125473
300,False,,,865.0,227.0,874.6428571428571,253.60714285714286,874.7714285714286,253.92857142857142,865.0,227.0,kf,0.0
301,False,,,885.0,205.0,878.2857142857143,252.21428571428572,878.2857142857143,252.21428571428572,885.0,205.0,kf,0.0
302,False,,,905.0,183.0,881.9285714285714,250.82142857142858,881.9285714285713,250.82142857142858,905.0,183.0,kf,0.0
303,False,,,925.0,161.0,885.5714285714286,249.42857142857142,885.5714285714287,249.42857142857142,925.0,161.0,kf,0.0
304,False,,,945.0,139.0,889.2142857142857,248.03571428571428,889.2142857142857,248.0357142857143,945.0,139.0,kf,0.0
305,False,,,965.0,117.0,892.8571428571429,246.64285714285714,892.8571428571428,246.6428571428571,965.0,117.0,kf,0.0
306,False,,,985.0,95.0,896.5,245.25,896.5,245.25,985.0,95.0,kf,0.0
307,False,,,1005.0,73.0,900.1428571428571,243.85714285714286,900.1428571428572,243.85714285714283,1005.0,73.0,kf,0.0
308,False,,,1025.0,51.0,903.7857142857143,242.46428571428572,903.7857142857143,242.46428571428572,1025.0,51.0,kf,0.0
309,False,,,1045.0,29.0,907.4285714285714,241.07142857142858,907.4285714285713,241.07142857142858,1045.0,29.0,kf,0.0
310,False,,,1064.0,7.0,911.0714285714286,239.67857142857142,911.0714285714287,239.67857142857142,1064.0,7.0,kf,0.0
311,False,,,1084.0,-14.0,914.7142857142857,238.28571428571428,914.7142857142857,238.2857142857143,914.7142857142857,238.2857142857143,interp,0.0
312,False,,,1104.0,-36.0,918.3571428571429,236.89285714285714,918.3571428571428,236.8928571428571,918.3571428571428,236.8928571428571,interp,0.0
313,False,,,1124.0,-58.0,922.0,235.5,922.0,235.5,922.0,235.5,interp,0.0
314,False,,,1144.0,-80.0,925.6428571428571,234.10714285714286,925.6428571428572,234.10714285714283,925.6428571428572,234.10714285714283,interp,0.0
315,False,,,1164.0,-102.0,929.2857142857143,232.71428571428572,929.2857142857143,232.71428571428572,929.2857142857143,232.71428571428572,interp,0.0
316,False,,,1184.0,-124.0,932.9285714285714,231.32142857142858,932.9285714285713,231.32142857142858,932.9285714285713,231.32142857142858,interp,0.0
317,False,,,1204.0,-146.0,936.5714285714286,229.92857142857144,936.5714285714287,229.92857142857142,936.5714285714287,229.92857142857142,interp,0.0
318,False,,,1224.0,-168.0,940.2142857142857,228.53571428571428,940.2142857142857,228.5357142857143,940.2142857142857,228.5357142857143,interp,0.0
319,False,,,1244.0,-190.0,943.8571428571429,227.14285714285714,943.8571428571428,227.14285714285717,943.8571428571428,227.14285714285717,interp,0.0
320,False,,,1264.0,-212.0,947.5,225.75,947.5,225.75,947.5,225.75,interp,0.0
321,False,,,1284.0,-234.0,951.1428571428571,224.35714285714286,951.1428571428572,224.35714285714283,951.1428571428572,224.35714285714283,interp,0.0
322,False,,,1304.0,-256.0,954.7857142857142,222.96428571428572,954.7857142857143,222.96428571428572,954.7857142857143,222.96428571428572,interp,0.0
323,False,,,1324.0,-278.0,958.4285714285714,221.57142857142856,958.4285714285713,221.57142857142858,958.4285714285713,221.57142857142858,interp,0.0
324,False,,,1343.0,-300.0,962.0714285714286,220.17857142857144,962.0714285714287,220.17857142857142,962.0714285714287,220.17857142857142,interp,0.0
325,False,,,1363.0,-322.0,965.7142857142857,218.78571428571428,965.7142857142857,218.78571428571428,965.7142857142857,218.78571428571428,interp,0.0
326,False,,,1383.0,-344.0,969.3571428571429,217.39285714285714,969.2285714285714,216.67142857142858,969.2285714285714,216.67142857142858,interp,0.0
327,True,973.0,216.0,979.0,207.0,973.0,216.0,972.4142857142857,213.69285714285712,973.0,216.0,det,0.3411641120910644
328,True,976.0,211.0,981.0,202.0,976.0,211.0,975.2714285714286,209.85,976.0,211.0,det,0.3328602612018585
329,False,,,983.0,206.0,978.0,205.28571428571428,977.8,205.14285714285717,983.0,206.0,kf,0.0
330,False,,,984.0,209.0,980.0,199.57142857142858,980.0,199.57142857142858,984.0,209.0,kf,0.0
331,False,,,985.0,212.0,982.0,193.85714285714286,982.0,193.85714285714286,985.0,212.0,kf,0.0
332,False,,,987.0,216.0,984.0,188.14285714285714,984.0,188.14285714285714,987.0,216.0,kf,0.0
333,False,,,988.0,219.0,986.0,182.42857142857142,986.0,182.42857142857142,988.0,219.0,kf,0.0
334,False,,,989.0,223.0,988.0,176.71428571428572,987.8,177.45714285714286,989.0,223.0,kf,0.0
335,True,990.0,171.0,989.0,181.0,990.0,171.0,989.6,172.62857142857143,990.0,171.0,det,0.190075397491455
336,True,991.0,169.0,990.0,180.0,991.0,169.0,990.43125,169.13660714285714,991.0,169.0,det,0.228877305984497
337,True,993.0,164.0,992.0,176.0,993.0,164.0,990.29375,166.98125,993.0,164.0,det,0.1369102597236633
338,False,,,993.0,173.0,990.15625,164.96875,989.1875,166.1625,993.0,173.0,kf,0.0
339,False,,,995.0,171.0,987.3125,165.9375,987.3125,165.9375,995.0,171.0,kf,0.0
340,False,,,997.0,169.0,984.46875,166.90625,984.46875,166.90625,997.0,169.0,kf,0.0
341,False,,,998.0,167.0,981.625,167.875,981.625,167.875,998.0,167.0,kf,0.0
342,False,,,1000.0,164.0,978.78125,168.84375,978.78125,168.84375,1000.0,164.0,kf,0.0
343,False,,,1002.0,162.0,975.9375,169.8125,975.9375,169.8125,1002.0,162.0,kf,0.0
344,False,,,1003.0,160.0,973.09375,170.78125,973.09375,170.78125,1003.0,160.0,kf,0.0
345,False,,,1005.0,158.0,970.25,171.75,970.25,171.75,1005.0,158.0,kf,0.0
346,False,,,1006.0,155.0,967.40625,172.71875,967.40625,172.71875,1006.0,155.0,kf,0.0
347,False,,,1008.0,153.0,964.5625,173.6875,964.5625,173.6875,1008.0,153.0,kf,0.0
348,False,,,1010.0,151.0,961.71875,174.65625,961.71875,174.65625,1010.0,151.0,kf,0.0
349,False,,,1011.0,149.0,958.875,175.625,958.875,175.625,1011.0,149.0,kf,0.0
350,False,,,1013.0,146.0,956.03125,176.59375,956.03125,176.59375,1013.0,146.0,kf,0.0
351,False,,,1014.0,144.0,953.1875,177.5625,953.1875,177.5625,1014.0,144.0,kf,0.0
352,False,,,1016.0,142.0,950.34375,178.53125,950.34375,178.53125,1016.0,142.0,kf,0.0
353,False,,,1018.0,140.0,947.5,179.5,947.5,179.5,1018.0,140.0,kf,0.0
354,False,,,1019.0,137.0,944.65625,180.46875,944.65625,180.46875,1019.0,137.0,kf,0.0
355,False,,,1021.0,135.0,941.8125,181.4375,941.8125,181.4375,1021.0,135.0,kf,0.0
356,False,,,1022.0,133.0,938.96875,182.40625,938.96875,182.40625,1022.0,133.0,kf,0.0
357,False,,,1024.0,131.0,936.125,183.375,936.125,183.375,1024.0,131.0,kf,0.0
358,False,,,1026.0,128.0,933.28125,184.34375,933.28125,184.34375,1026.0,128.0,kf,0.0
359,False,,,1027.0,126.0,930.4375,185.3125,930.4375,185.3125,1027.0,126.0,kf,0.0
360,False,,,1029.0,124.0,927.59375,186.28125,927.59375,186.28125,1029.0,124.0,kf,0.0
361,False,,,1031.0,122.0,924.75,187.25,924.75,187.25,1031.0,122.0,kf,0.0
362,False,,,1032.0,119.0,921.90625,188.21875,921.90625,188.21875,1032.0,119.0,kf,0.0
363,False,,,1034.0,117.0,919.0625,189.1875,919.0625,189.1875,1034.0,117.0,kf,0.0
364,False,,,1035.0,115.0,916.21875,190.15625,916.21875,190.15625,1035.0,115.0,kf,0.0
365,False,,,1037.0,113.0,913.375,191.125,913.375,191.125,1037.0,113.0,kf,0.0
366,False,,,1039.0,110.0,910.53125,192.09375,910.53125,192.09375,1039.0,110.0,kf,0.0
367,False,,,1040.0,108.0,907.6875,193.0625,907.6875,193.0625,1040.0,108.0,kf,0.0
368,False,,,1042.0,106.0,904.84375,194.03125,904.6125,195.2375,904.6125,195.2375,interp,0.0
369,True,902.0,195.0,903.0,194.0,902.0,195.0,901.30625,198.61875,902.0,195.0,det,0.1947692632675171
370,False,,,899.0,195.0,898.0,202.0,897.7020833333332,203.40625,899.0,195.0,kf,0.0
371,True,894.0,209.0,896.0,202.0,894.0,209.0,893.8,209.6,894.0,209.0,det,0.1371237933635711
372,False,,,892.0,204.0,889.6666666666666,217.0,889.6,217.2,892.0,204.0,kf,0.0
373,False,,,888.0,206.0,885.3333333333334,225.0,885.3333333333333,225.0,888.0,206.0,kf,0.0
374,False,,,883.0,208.0,881.0,233.0,881.0,233.0,883.0,208.0,kf,0.0
375,False,,,879.0,210.0,876.6666666666666,241.0,876.6666666666666,241.0,879.0,210.0,kf,0.0
376,False,,,875.0,212.0,872.3333333333334,249.0,871.6,248.8,875.0,212.0,kf,0.0
377,True,868.0,257.0,869.0,245.0,868.0,257.0,866.8,257.1,868.0,257.0,det,0.169147253036499
378,True,860.0,264.0,864.0,250.0,860.0,264.0,862.2666666666667,265.9,860.0,264.0,det,0.1076250076293945
379,False,,,858.0,257.0,857.0,274.5,857.4,275.3,858.0,257.0,kf,0.0
380,True,854.0,285.0,856.0,271.0,854.0,285.0,852.6,285.3,854.0,285.0,det,0.7219899296760559
381,True,848.0,296.0,853.0,277.0,848.0,296.0,848.3,296.2,848.0,296.0,det,0.3351396322250366
382,True,844.0,307.0,851.0,282.0,844.0,307.0,843.5,307.3,844.0,307.0,det,0.366494357585907
383,False,,,844.0,294.0,838.5,318.5,838.5,318.5,844.0,294.0,kf,0.0
384,True,833.0,330.0,839.0,308.0,833.0,330.0,833.7,330.5,833.0,330.0,det,0.51649409532547
385,True,829.0,341.0,837.0,313.0,829.0,341.0,829.3,341.9,829.0,341.0,det,0.1950314193964004
386,True,824.0,356.0,835.0,319.0,824.0,356.0,824.7,354.5,824.0,356.0,det,0.5132957100868225
387,True,822.0,364.0,834.0,322.0,822.0,364.0,819.9,368.3,822.0,364.0,det,0.2343944013118744
388,False,,,826.0,339.0,815.5,381.5,815.1,383.1,826.0,339.0,kf,0.0
389,True,809.0,399.0,819.0,361.0,809.0,399.0,810.3,397.1,809.0,399.0,det,0.1178535223007202
390,True,805.0,415.0,818.0,367.0,805.0,415.0,804.9,412.9,805.0,415.0,det,0.5946432948112488
391,True,800.0,426.0,816.0,371.0,800.0,426.0,799.8,428.6,800.0,426.0,det,0.5027031898498535
392,False,,,806.0,393.0,795.0,443.0,795.0,444.2,806.0,393.0,kf,0.0
393,False,,,795.0,415.0,790.0,460.0,790.0,460.2,795.0,415.0,kf,0.0
394,True,785.0,477.0,791.0,443.0,785.0,477.0,785.0,477.2,785.0,477.0,det,0.6050376892089844
395,True,780.0,495.0,788.0,451.0,780.0,495.0,779.7,494.8,780.0,495.0,det,0.3945799171924591
396,True,775.0,511.0,786.0,458.0,775.0,511.0,774.1,513.0,775.0,511.0,det,0.4827077388763428
397,False,,,774.0,488.0,768.5,531.0,768.7,532.0,774.0,488.0,kf,0.0
398,True,762.0,551.0,769.0,512.0,762.0,551.0,762.9,551.6,762.0,551.0,det,0.5045031905174255
399,True,758.0,572.0,768.0,521.0,758.0,572.0,757.5,571.0,758.0,572.0,det,0.6142650246620178
400,True,751.0,593.0,765.0,529.0,751.0,593.0,751.6,592.4,751.0,593.0,det,0.5896731019020081
401,True,748.0,608.0,764.0,535.0,748.0,608.0,746.2,613.4,748.0,608.0,det,0.2385854125022888
402,True,739.0,638.0,760.0,547.0,739.0,638.0,740.6,634.8,739.0,638.0,det,0.1212819144129753
403,True,735.0,656.0,759.0,554.0,735.0,656.0,735.4,656.6,735.0,656.0,det,0.1998602300882339
404,True,730.0,679.0,757.0,563.0,730.0,679.0,729.6,680.2,730.0,679.0,det,0.5660249590873718
405,True,725.0,702.0,755.0,572.0,725.0,702.0,724.4,702.6,725.0,702.0,det,0.3069852888584137
406,False,,,739.0,617.0,719.0,726.0,718.8,722.3,739.0,617.0,kf,0.0
407,True,713.0,750.0,729.0,665.0,713.0,750.0,713.0,738.3,713.0,750.0,det,0.1926665604114532
408,False,,,712.0,719.0,707.0,754.5,707.0,750.6,712.0,719.0,kf,0.0
409,False,,,695.0,773.0,701.0,759.0,701.0,759.0,695.0,773.0,kf,0.0
410,False,,,677.0,827.0,695.0,763.5,695.0,763.5,677.0,827.0,kf,0.0
411,False,,,660.0,881.0,689.0,768.0,689.0,768.0,660.0,881.0,kf,0.0
412,False,,,643.0,935.0,683.0,772.5,683.0,772.5,643.0,935.0,kf,0.0
413,False,,,626.0,989.0,677.0,777.0,677.0,777.0,626.0,989.0,kf,0.0
414,False,,,608.0,1042.0,671.0,781.5,671.4,781.2,608.0,1042.0,kf,0.0
415,True,665.0,786.0,652.0,842.0,665.0,786.0,665.8,784.7,665.0,786.0,det,0.38780677318573
416,True,661.0,789.0,649.0,845.0,661.0,789.0,659.9,787.7,661.0,789.0,det,0.3757146894931793
417,True,655.0,790.0,644.0,845.0,655.0,790.0,653.7,790.2,655.0,790.0,det,0.4016816914081573
418,False,,,631.0,876.0,647.5,792.0,647.3,792.8,631.0,876.0,kf,0.0
419,True,640.0,794.0,635.0,834.0,640.0,794.0,640.2,795.6,640.0,794.0,det,0.2067464888095855
420,True,633.0,799.0,632.0,837.0,633.0,799.0,632.8,799.0,633.0,799.0,det,0.4617144465446472
421,False,,,619.0,862.0,625.5,803.0,626.1,803.0,619.0,862.0,kf,0.0
422,True,618.0,807.0,618.0,840.0,618.0,807.0,619.5,807.4,618.0,807.0,det,0.1004247292876243
423,True,614.0,812.0,617.0,842.0,614.0,812.0,612.9,812.0666666666667,614.0,812.0,det,0.6191955208778381
424,True,607.0,816.0,614.0,843.0,607.0,816.0,606.4,817.2,607.0,816.0,det,0.5426028966903687
425,False,,,600.0,866.0,600.0,822.3333333333334,600.0,822.8,600.0,866.0,kf,0.0
426,False,,,587.0,888.0,593.0,828.6666666666666,594.7,825.3,587.0,888.0,kf,0.0
427,True,586.0,835.0,586.0,865.0,586.0,835.0,591.1,824.9,586.0,835.0,det,0.2266762554645538
428,False,,,573.0,883.0,587.5,824.5,592.7,814.2333333333333,573.0,883.0,kf,0.0
429,True,589.0,814.0,579.0,856.0,589.0,814.0,597.9,797.1,589.0,814.0,det,0.3401493728160858
430,True,608.0,769.0,586.0,839.0,608.0,769.0,606.7,772.7,608.0,769.0,det,0.6202064752578735
431,True,619.0,743.0,590.0,829.0,619.0,743.0,617.6,745.2,619.0,743.0,det,0.3297589123249054
432,True,630.0,713.0,595.0,817.0,630.0,713.0,631.2,713.8,630.0,713.0,det,0.448523610830307
433,True,642.0,687.0,599.0,807.0,642.0,687.0,642.6,687.6,642.0,687.0,det,0.4436792433261871
434,True,657.0,657.0,605.0,796.0,657.0,657.0,654.4,660.4,657.0,657.0,det,0.3912330269813537
435,True,665.0,638.0,608.0,788.0,665.0,638.0,665.8,636.0,665.0,638.0,det,0.1579380184412002
436,True,678.0,607.0,613.0,776.0,678.0,607.0,676.2,613.0,678.0,607.0,det,0.526378333568573
437,True,687.0,591.0,616.0,770.0,687.0,591.0,685.8,591.8,687.0,591.0,det,0.2609563767910003
438,True,694.0,572.0,619.0,763.0,694.0,572.0,695.2,570.8,694.0,572.0,det,0.1812934875488281
439,True,705.0,551.0,623.0,755.0,705.0,551.0,703.7,552.8,705.0,551.0,det,0.7263730764389038
440,True,712.0,533.0,626.0,748.0,712.0,533.0,712.1,534.8,712.0,533.0,det,0.5102716684341431
441,False,,,622.0,743.0,720.5,517.0,720.3,518.0,622.0,743.0,kf,0.0
442,True,729.0,501.0,660.0,656.0,729.0,501.0,727.3,503.2,729.0,501.0,det,0.7310711741447449
443,True,735.0,488.0,662.0,651.0,735.0,488.0,734.7,489.0,735.0,488.0,det,0.3076637089252472
444,True,740.0,477.0,664.0,647.0,740.0,477.0,741.2,476.6,740.0,477.0,det,0.2234527170658111
445,True,749.0,462.0,667.0,642.0,749.0,462.0,747.05,465.4,749.0,462.0,det,0.407336562871933
446,True,753.0,455.0,669.0,639.0,753.0,455.0,752.75,454.8,753.0,455.0,det,0.6810497045516968
447,False,,,673.0,616.0,758.25,445.0,758.5,444.4,673.0,616.0,kf,0.0
448,False,,,677.0,592.0,763.5,435.0,763.5,435.0,677.0,592.0,kf,0.0
449,False,,,681.0,568.0,768.75,425.0,768.7,425.6,681.0,568.0,kf,0.0
450,True,774.0,415.0,729.0,488.0,774.0,415.0,773.85,417.0,774.0,415.0,det,0.1476669013500213
451,True,779.0,408.0,732.0,484.0,779.0,408.0,778.8833333333333,409.2,779.0,408.0,det,0.5878676176071167
452,True,784.0,402.0,735.0,481.0,784.0,402.0,783.8,402.2,784.0,402.0,det,0.4938787817955017
453,False,,,748.0,443.0,788.6666666666666,396.0,788.6,396.0,748.0,443.0,kf,0.0
454,False,,,761.0,404.0,793.3333333333334,390.0,793.1333333333333,390.4,761.0,404.0,kf,0.0
455,True,798.0,384.0,779.0,394.0,798.0,384.0,797.4,385.2,798.0,384.0,det,0.2636549770832062
456,False,,,796.0,354.0,801.6666666666666,380.0,801.4666666666667,380.4,796.0,354.0,kf,0.0
457,False,,,812.0,314.0,805.3333333333334,376.0,805.3333333333333,376.0,812.0,314.0,kf,0.0
458,False,,,828.0,274.0,809.0,372.0,809.0,372.0,828.0,274.0,kf,0.0
459,False,,,844.0,234.0,812.6666666666666,368.0,812.6666666666667,368.0,844.0,234.0,kf,0.0
460,False,,,860.0,194.0,816.3333333333334,364.0,816.2,364.4,860.0,194.0,kf,0.0
461,True,820.0,360.0,831.0,311.0,820.0,360.0,819.8,361.4,820.0,360.0,det,0.3832183480262756
462,True,823.0,358.0,833.0,309.0,823.0,358.0,823.2666666666667,358.8,823.0,358.0,det,0.5537464022636414
463,True,827.0,357.0,836.0,308.0,827.0,357.0,826.4545454545454,356.6727272727273,827.0,357.0,det,0.4032978415489197
464,True,830.0,355.0,838.0,307.0,830.0,355.0,829.3636363636364,355.0181818181818,830.0,355.0,det,0.4775393009185791
465,False,,,852.0,282.0,832.2727272727273,353.3636363636364,832.1272727272728,353.43636363636364,852.0,282.0,kf,0.0
466,False,,,865.0,257.0,834.5454545454545,351.72727272727275,834.5454545454546,351.7272727272727,865.0,257.0,kf,0.0
467,False,,,878.0,232.0,836.8181818181819,350.09090909090907,836.8181818181818,350.0909090909091,878.0,232.0,kf,0.0
468,False,,,891.0,206.0,839.0909090909091,348.45454545454544,839.0909090909092,348.4545454545454,891.0,206.0,kf,0.0
469,False,,,905.0,181.0,841.3636363636364,346.8181818181818,841.3636363636364,346.81818181818187,905.0,181.0,kf,0.0
470,False,,,918.0,156.0,843.6363636363636,345.1818181818182,843.6363636363636,345.1818181818182,918.0,156.0,kf,0.0
471,False,,,931.0,131.0,845.9090909090909,343.54545454545456,845.909090909091,343.5454545454545,931.0,131.0,kf,0.0
472,False,,,945.0,106.0,848.1818181818181,341.90909090909093,848.1818181818182,341.9090909090909,945.0,106.0,kf,0.0
473,False,,,958.0,80.0,850.4545454545455,340.27272727272725,850.4545454545454,340.2727272727273,958.0,80.0,kf,0.0
474,False,,,971.0,55.0,852.7272727272727,338.6363636363636,852.6727272727272,337.16363636363633,971.0,55.0,kf,0.0
475,True,855.0,337.0,868.0,305.0,855.0,337.0,854.769696969697,332.8484848484849,855.0,337.0,det,0.6349687576293945
476,True,857.0,328.0,869.0,297.0,857.0,328.0,856.7454545454545,327.32727272727277,857.0,328.0,det,0.2115682661533355
477,False,,,873.0,294.0,858.6666666666666,320.3333333333333,858.6,320.6,873.0,294.0,kf,0.0
478,False,,,877.0,290.0,860.3333333333334,312.6666666666667,860.3333333333333,312.66666666666663,877.0,290.0,kf,0.0
479,False,,,881.0,287.0,862.0,305.0,862.0,305.0,881.0,287.0,kf,0.0
480,False,,,885.0,284.0,863.6666666666666,297.3333333333333,863.6666666666666,297.33333333333337,885.0,284.0,kf,0.0
481,False,,,889.0,281.0,865.3333333333334,289.6666666666667,865.3,289.8,889.0,281.0,kf,0.0
482,True,867.0,282.0,872.0,281.0,867.0,282.0,866.9,282.4,867.0,282.0,det,0.1867133975028991
483,False,,,875.0,278.0,868.5,275.0,868.3666666666666,275.33333333333337,875.0,278.0,kf,0.0
484,True,870.0,268.0,872.0,273.0,870.0,268.0,869.7,269.2,870.0,268.0,det,0.4317398071289062
485,True,871.0,262.0,873.0,270.0,871.0,262.0,870.9,263.7555555555556,871.0,262.0,det,0.3950756192207336
486,True,872.0,259.0,873.0,269.0,872.0,259.0,872.0,258.8666666666667,872.0,259.0,det,0.564563512802124
487,False,,,875.0,264.0,873.0,254.77777777777777,873.0,254.53333333333336,875.0,264.0,kf,0.0
488,False,,,877.0,260.0,874.0,250.55555555555554,874.0,250.55555555555557,877.0,260.0,kf,0.0
489,False,,,879.0,255.0,875.0,246.33333333333334,875.0,246.33333333333334,879.0,255.0,kf,0.0
490,False,,,880.0,251.0,876.0,242.11111111111111,876.0,242.1111111111111,880.0,251.0,kf,0.0
491,False,,,882.0,247.0,877.0,237.88888888888889,877.0,237.8888888888889,882.0,247.0,kf,0.0
492,False,,,884.0,242.0,878.0,233.66666666666666,878.0,233.66666666666669,884.0,242.0,kf,0.0
493,False,,,886.0,238.0,879.0,229.44444444444446,879.0,229.44444444444443,886.0,238.0,kf,0.0
494,False,,,888.0,234.0,880.0,225.22222222222223,879.6,225.66666666666669,888.0,234.0,kf,0.0
495,True,881.0,221.0,882.0,223.0,881.0,221.0,880.1368421052632,222.64912280701756,881.0,221.0,det,0.2647354006767273
496,True,880.0,219.0,881.0,221.0,880.0,219.0,880.6105263157895,220.39181286549712,880.0,219.0,det,0.1103954762220382
497,False,,,882.0,215.0,880.6842105263158,218.57894736842104,881.021052631579,218.89473684210526,882.0,215.0,kf,0.0
498,False,,,883.0,210.0,881.3684210526316,218.1578947368421,881.3684210526314,218.15789473684208,883.0,210.0,kf,0.0
499,False,,,884.0,204.0,882.0526315789474,217.73684210526315,882.0526315789473,217.73684210526318,884.0,204.0,kf,0.0
500,False,,,885.0,198.0,882.7368421052631,217.31578947368422,882.7368421052631,217.31578947368422,885.0,198.0,kf,0.0
501,False,,,886.0,192.0,883.421052631579,216.89473684210526,883.4210526315788,216.89473684210526,886.0,192.0,kf,0.0
502,False,,,887.0,187.0,884.1052631578947,216.47368421052633,884.1052631578947,216.47368421052633,887.0,187.0,kf,0.0
503,False,,,889.0,181.0,884.7894736842105,216.05263157894737,884.7894736842105,216.05263157894737,889.0,181.0,kf,0.0
504,False,,,890.0,175.0,885.4736842105264,215.6315789473684,885.4736842105264,215.6315789473684,890.0,175.0,kf,0.0
505,False,,,891.0,169.0,886.1578947368421,215.21052631578948,886.157894736842,215.2105263157895,891.0,169.0,kf,0.0
506,False,,,892.0,163.0,886.8421052631579,214.78947368421052,886.8421052631578,214.78947368421055,892.0,163.0,kf,0.0
507,False,,,893.0,158.0,887.5263157894736,214.3684210526316,887.5263157894736,214.3684210526316,893.0,158.0,kf,0.0
508,False,,,894.0,152.0,888.2105263157895,213.94736842105263,888.2105263157895,213.94736842105263,894.0,152.0,kf,0.0
509,False,,,895.0,146.0,888.8947368421053,213.5263157894737,888.8947368421053,213.52631578947367,895.0,146.0,kf,0.0
510,False,,,896.0,140.0,889.578947368421,213.10526315789474,889.578947368421,213.10526315789474,896.0,140.0,kf,0.0
511,False,,,897.0,135.0,890.2631578947369,212.68421052631578,890.2631578947369,212.68421052631578,897.0,135.0,kf,0.0
512,False,,,898.0,129.0,890.9473684210526,212.26315789473685,890.9473684210527,212.26315789473682,898.0,129.0,kf,0.0
513,False,,,899.0,123.0,891.6315789473684,211.8421052631579,891.6315789473683,211.84210526315792,899.0,123.0,kf,0.0
514,False,,,900.0,117.0,892.3157894736842,211.42105263157896,891.878947368421,212.05141700404857,900.0,117.0,kf,0.0
515,True,893.0,211.0,893.0,207.0,893.0,211.0,891.6894736842105,212.8910931174089,893.0,211.0,det,0.1551720798015594
516,False,,,893.0,207.0,891.5,213.73076923076923,891.0631578947368,214.3611336032389,893.0,207.0,kf,0.0
517,False,,,894.0,207.0,890.0,216.46153846153845,890.0,216.46153846153848,894.0,207.0,kf,0.0
518,False,,,895.0,207.0,888.5,219.19230769230768,888.5,219.1923076923077,895.0,207.0,kf,0.0
519,False,,,895.0,206.0,887.0,221.92307692307693,887.0,221.9230769230769,895.0,206.0,kf,0.0
520,False,,,896.0,206.0,885.5,224.65384615384616,885.5,224.65384615384613,896.0,206.0,kf,0.0
521,False,,,896.0,206.0,884.0,227.3846153846154,884.0,227.3846153846154,896.0,206.0,kf,0.0
522,False,,,897.0,206.0,882.5,230.1153846153846,882.5,230.1153846153846,897.0,206.0,kf,0.0
523,False,,,898.0,206.0,881.0,232.84615384615384,881.0,232.84615384615387,898.0,206.0,kf,0.0
524,False,,,898.0,206.0,879.5,235.57692307692307,879.5,235.57692307692304,898.0,206.0,kf,0.0
525,False,,,899.0,205.0,878.0,238.30769230769232,878.0,238.30769230769232,899.0,205.0,kf,0.0
526,False,,,899.0,205.0,876.5,241.03846153846155,876.5,241.03846153846158,899.0,205.0,kf,0.0
527,False,,,900.0,205.0,875.0,243.76923076923077,875.0,243.76923076923077,900.0,205.0,kf,0.0
528,False,,,901.0,205.0,873.5,246.5,873.5,246.5,901.0,205.0,kf,0.0
529,False,,,901.0,205.0,872.0,249.23076923076923,872.0,249.23076923076923,901.0,205.0,kf,0.0
530,False,,,902.0,205.0,870.5,251.96153846153845,870.5,251.96153846153848,902.0,205.0,kf,0.0
531,False,,,902.0,204.0,869.0,254.69230769230768,869.0,254.69230769230768,902.0,204.0,kf,0.0
532,False,,,903.0,204.0,867.5,257.4230769230769,867.5,257.4230769230769,903.0,204.0,kf,0.0
533,False,,,904.0,204.0,866.0,260.15384615384613,866.0,260.15384615384613,904.0,204.0,kf,0.0
534,False,,,904.0,204.0,864.5,262.88461538461536,864.5,262.88461538461536,904.0,204.0,kf,0.0
535,False,,,905.0,204.0,863.0,265.61538461538464,863.0,265.61538461538464,905.0,204.0,kf,0.0
536,False,,,906.0,203.0,861.5,268.34615384615387,861.5,268.34615384615387,906.0,203.0,kf,0.0
537,False,,,906.0,203.0,860.0,271.0769230769231,860.0,271.0769230769231,906.0,203.0,kf,0.0
538,False,,,907.0,203.0,858.5,273.8076923076923,858.5,273.8076923076923,907.0,203.0,kf,0.0
539,False,,,907.0,203.0,857.0,276.53846153846155,857.0,276.53846153846155,907.0,203.0,kf,0.0
540,False,,,908.0,203.0,855.5,279.2692307692308,855.4,279.723076923077,908.0,203.0,kf,0.0
541,True,854.0,282.0,854.0,280.0,854.0,282.0,853.3,282.96153846153845,854.0,282.0,det,0.4214185774326324
542,True,852.0,287.0,852.0,285.0,852.0,287.0,851.1,286.65384615384613,852.0,287.0,det,0.649416446685791
543,True,848.0,290.0,848.0,288.0,848.0,290.0,848.7,290.96666666666664,848.0,290.0,det,0.5902000069618225
544,True,846.0,295.0,847.0,293.0,846.0,295.0,846.1,295.9,846.0,295.0,det,0.1238962411880493
545,False,,,844.0,297.0,843.5,300.8333333333333,843.4,301.0,844.0,297.0,kf,0.0
546,False,,,842.0,301.0,841.0,306.6666666666667,841.0,306.66666666666663,842.0,301.0,kf,0.0
547,False,,,839.0,306.0,838.5,312.5,838.5,312.5,839.0,306.0,kf,0.0
548,False,,,837.0,310.0,836.0,318.3333333333333,836.0,318.33333333333337,837.0,310.0,kf,0.0
549,False,,,835.0,314.0,833.5,324.1666666666667,833.6,324.2,835.0,314.0,kf,0.0
550,True,831.0,330.0,832.0,326.0,831.0,330.0,831.3,330.1,831.0,330.0,det,0.5633985996246338
551,True,829.0,336.0,830.0,330.0,829.0,336.0,828.5,336.83333333333337,829.0,336.0,det,0.690403401851654
552,True,827.0,342.0,829.0,335.0,827.0,342.0,826.0,343.6,827.0,342.0,det,0.1067837998270988
553,True,822.0,352.0,825.0,342.0,822.0,352.0,823.4333333333332,350.73333333333335,822.0,352.0,det,0.2661072313785553
554,True,821.0,358.0,824.0,347.0,821.0,358.0,820.7,358.2,821.0,358.0,det,0.2592901289463043
555,False,,,820.0,355.0,818.1666666666666,365.6666666666667,817.8,366.0,820.0,355.0,kf,0.0
556,False,,,817.0,363.0,815.3333333333334,373.3333333333333,815.3333333333333,373.33333333333337,817.0,363.0,kf,0.0
557,False,,,813.0,371.0,812.5,381.0,812.5,381.0,813.0,371.0,kf,0.0
558,False,,,809.0,380.0,809.6666666666666,388.6666666666667,809.6666666666667,388.66666666666663,809.0,380.0,kf,0.0
559,False,,,806.0,388.0,806.8333333333334,396.3333333333333,806.4,396.2,806.0,388.0,kf,0.0
560,True,804.0,404.0,804.0,400.0,804.0,404.0,803.06,404.08000000000004,804.0,404.0,det,0.4429745972156524
561,True,799.0,411.0,800.0,405.0,799.0,411.0,799.6466666666668,412.3066666666667,799.0,411.0,det,0.170368880033493
562,False,,,796.0,415.0,795.8,420.4,796.16,420.88,796.0,415.0,kf,0.0
563,False,,,791.0,426.0,792.6,429.8,792.6,429.8,791.0,426.0,kf,0.0
564,False,,,787.0,436.0,789.4,439.2,789.4,439.2,787.0,436.0,kf,0.0
565,False,,,783.0,447.0,786.2,448.6,786.24,448.91999999999996,783.0,447.0,kf,0.0
566,True,783.0,458.0,783.0,454.0,783.0,458.0,783.1200000000001,458.96000000000004,783.0,458.0,det,0.4239372909069061
567,False,,,778.0,466.0,780.0,469.0,779.84,468.9200000000001,778.0,466.0,kf,0.0
568,True,777.0,480.0,777.0,472.0,777.0,480.0,777.0,479.4,777.0,480.0,det,0.6632339358329773
569,True,773.0,489.0,775.0,477.0,773.0,489.0,773.7,490.4,773.0,489.0,det,0.1663448810577392
570,True,772.0,501.0,775.0,482.0,772.0,501.0,769.9,501.6,772.0,501.0,det,0.1772032529115677
571,False,,,770.0,496.0,766.5,513.0,766.1,512.4,770.0,496.0,kf,0.0
572,True,761.0,525.0,766.0,507.0,761.0,525.0,762.5,524.4,761.0,525.0,det,0.6265097856521606
573,True,758.0,534.0,765.0,511.0,758.0,534.0,758.1,536.0,758.0,534.0,det,0.2900452613830566
574,True,755.0,549.0,764.0,517.0,755.0,549.0,754.2,548.0,755.0,549.0,det,0.6569221615791321
575,True,750.0,559.0,762.0,521.0,750.0,559.0,750.4,560.5,750.0,559.0,det,0.1944018900394439
576,True,747.0,573.0,761.0,526.0,747.0,573.0,746.2,574.1,747.0,573.0,det,0.2535630762577057
577,False,,,755.0,545.0,742.0,587.5,742.0,587.4,755.0,545.0,kf,0.0
578,True,737.0,602.0,748.0,565.0,737.0,602.0,738.2,601.4,737.0,602.0,det,0.5510475039482117
579,False,,,741.0,587.0,734.0,615.5,733.8,615.2,741.0,587.0,kf,0.0
580,True,731.0,629.0,737.0,601.0,731.0,629.0,729.3,629.3,731.0,629.0,det,0.3018226623535156
581,True,725.0,642.0,735.0,606.0,725.0,642.0,724.7,643.7,725.0,642.0,det,0.5559588074684143
582,False,,,727.0,631.0,719.5,658.0,720.3,658.6,727.0,631.0,kf,0.0
583,True,714.0,674.0,722.0,646.0,714.0,674.0,715.5,673.4,714.0,674.0,det,0.3448642492294311
584,True,712.0,690.0,722.0,651.0,712.0,690.0,710.9,688.2,712.0,690.0,det,0.6041761636734009
585,False,,,712.0,680.0,707.0,703.0,706.4666666666666,700.0666666666667,712.0,680.0,kf,0.0
586,True,702.0,716.0,708.0,692.0,702.0,716.0,702.2,709.0,702.0,716.0,det,0.4024615287780761
587,False,,,698.0,724.0,697.3333333333334,717.3333333333334,697.4,715.0,698.0,724.0,kf,0.0
588,False,,,688.0,755.0,692.6666666666666,718.6666666666666,692.8,718.6,688.0,755.0,kf,0.0
589,True,688.0,720.0,688.0,740.0,688.0,720.0,688.4,719.8,688.0,720.0,det,0.1374817490577697
590,True,684.0,721.0,686.0,740.0,684.0,721.0,684.8,720.4833333333333,684.0,721.0,det,0.2141772210597992
591,True,680.0,722.0,684.0,741.0,680.0,722.0,682.0,720.65,680.0,722.0,det,0.2816367745399475
592,False,,,674.0,770.0,679.3333333333334,720.75,680.0,720.3,674.0,770.0,kf,0.0
593,False,,,663.0,799.0,678.6666666666666,719.5,678.6666666666666,719.5,663.0,799.0,kf,0.0
594,False,,,652.0,827.0,678.0,718.25,678.0,718.25,652.0,827.0,kf,0.0
595,False,,,641.0,856.0,677.3333333333334,717.0,677.3333333333334,717.0,641.0,856.0,kf,0.0
596,False,,,630.0,885.0,676.6666666666666,715.75,676.6666666666666,715.75,630.0,885.0,kf,0.0
597,False,,,619.0,914.0,676.0,714.5,676.0,714.5,619.0,914.0,kf,0.0
598,False,,,609.0,943.0,675.3333333333334,713.25,675.3333333333334,713.25,609.0,943.0,kf,0.0
599,False,,,598.0,972.0,674.6666666666666,712.0,674.6666666666666,712.0,598.0,972.0,kf,0.0
600,False,,,587.0,1001.0,674.0,710.75,674.0,710.75,587.0,1001.0,kf,0.0
601,False,,,576.0,1030.0,673.3333333333334,709.5,673.3333333333334,709.5,576.0,1030.0,kf,0.0
602,False,,,565.0,1059.0,672.6666666666666,708.25,672.6666666666666,708.25,565.0,1059.0,kf,0.0
603,False,,,554.0,1088.0,672.0,707.0,672.0,707.0,672.0,707.0,interp,0.0
604,False,,,544.0,1116.0,671.3333333333334,705.75,671.3333333333334,705.75,671.3333333333334,705.75,interp,0.0
605,False,,,533.0,1145.0,670.6666666666666,704.5,670.6666666666666,704.5,670.6666666666666,704.5,interp,0.0
606,False,,,522.0,1174.0,670.0,703.25,670.0,703.25,670.0,703.25,interp,0.0
607,False,,,511.0,1203.0,669.3333333333334,702.0,669.3333333333334,702.0,669.3333333333334,702.0,interp,0.0
608,False,,,500.0,1232.0,668.6666666666666,700.75,668.6666666666666,700.75,668.6666666666666,700.75,interp,0.0
609,False,,,490.0,1261.0,668.0,699.5,668.0,699.5,668.0,699.5,interp,0.0
610,False,,,479.0,1290.0,667.3333333333334,698.25,667.3333333333334,698.25,667.3333333333334,698.25,interp,0.0
611,False,,,468.0,1319.0,666.6666666666666,697.0,666.6666666666666,697.0,666.6666666666666,697.0,interp,0.0
612,False,,,457.0,1348.0,666.0,695.75,666.0,695.75,666.0,695.75,interp,0.0
613,False,,,446.0,1376.0,665.3333333333334,694.5,665.3333333333334,694.5,665.3333333333334,694.5,interp,0.0
614,False,,,435.0,1405.0,664.6666666666666,693.25,667.6,688.9,667.6,688.9,interp,0.0
615,True,664.0,692.0,659.0,707.0,664.0,692.0,672.4,679.75,664.0,692.0,det,0.4486060440540313
616,True,678.0,669.0,672.0,684.0,678.0,669.0,679.9333333333334,667.45,678.0,669.0,det,0.5313945412635803
617,True,690.0,650.0,684.0,666.0,690.0,650.0,690.0,651.7,690.0,650.0,det,0.4809596538543701
618,True,703.0,633.0,697.0,649.0,703.0,633.0,702.6,632.5,703.0,633.0,det,0.4321147799491882
619,False,,,700.0,638.0,715.0,614.5,714.2,614.7,700.0,638.0,kf,0.0
620,True,727.0,596.0,714.0,615.0,727.0,596.0,726.0,596.9,727.0,596.0,det,0.6321583986282349
621,True,736.0,580.0,719.0,607.0,736.0,580.0,737.2,579.9,736.0,580.0,det,0.5335983037948608
622,True,749.0,561.0,726.0,597.0,749.0,561.0,748.2,563.6,749.0,561.0,det,0.3972150683403015
623,True,759.0,548.0,731.0,590.0,759.0,548.0,758.4,548.0,759.0,548.0,det,0.6972805261611938
624,True,770.0,533.0,737.0,582.0,770.0,533.0,768.4,533.0,770.0,533.0,det,0.1557863354682922
625,True,778.0,518.0,741.0,574.0,778.0,518.0,778.0,519.4,778.0,518.0,det,0.2948368787765503
626,True,786.0,505.0,745.0,567.0,786.0,505.0,787.2,506.0,786.0,505.0,det,0.3933938145637512
627,True,797.0,493.0,751.0,561.0,797.0,493.0,796.1,493.2,797.0,493.0,det,0.1357246339321136
628,True,805.0,481.0,755.0,554.0,805.0,481.0,805.3,481.0,805.0,481.0,det,0.6769088506698608
629,False,,,763.0,536.0,814.5,469.0,813.9,469.6,763.0,536.0,kf,0.0
630,True,824.0,457.0,788.0,504.0,824.0,457.0,821.7,458.55,824.0,457.0,det,0.4404369592666626
631,True,829.0,448.0,790.0,500.0,829.0,448.0,829.3,447.85,829.0,448.0,det,0.1661988496780395
632,False,,,801.0,476.0,836.0,437.75,836.4,437.5,801.0,476.0,kf,0.0
633,False,,,813.0,453.0,843.0,427.5,843.0,427.5,813.0,453.0,kf,0.0
634,False,,,825.0,429.0,850.0,417.25,850.6,417.9,825.0,429.0,kf,0.0
635,True,857.0,407.0,842.0,417.0,857.0,407.0,857.8,408.55,857.0,407.0,det,0.2576211094856262
636,True,867.0,400.0,848.0,413.0,867.0,400.0,864.4,400.05,867.0,400.0,det,0.1229865849018096
637,True,872.0,391.0,851.0,408.0,872.0,391.0,870.8666666666666,392.1333333333333,872.0,391.0,det,0.1607787311077118
638,True,876.0,385.0,853.0,404.0,876.0,385.0,877.2,384.8,876.0,385.0,det,0.2257928252220153
639,False,,,870.0,376.0,882.3333333333334,377.6666666666667,882.8,377.4,870.0,376.0,kf,0.0
640,False,,,887.0,348.0,888.6666666666666,370.3333333333333,888.6,370.8,887.0,348.0,kf,0.0
641,True,895.0,363.0,891.0,356.0,895.0,363.0,894.8,364.0,895.0,363.0,det,0.5407134294509888
642,True,901.0,358.0,894.0,353.0,901.0,358.0,900.9333333333334,357.26666666666665,901.0,358.0,det,0.5492129325866699
643,False,,,912.0,326.0,907.0,351.0,907.0,350.6,912.0,326.0,kf,0.0
644,False,,,930.0,299.0,913.0,344.0,912.6,344.6,930.0,299.0,kf,0.0
645,True,919.0,337.0,924.0,318.0,919.0,337.0,917.6,338.8,919.0,337.0,det,0.3759409189224243
646,True,923.0,333.0,926.0,316.0,923.0,333.0,922.45,333.5,923.0,333.0,det,0.4599407017230987
647,True,926.0,329.0,928.0,314.0,926.0,329.0,927.15,328.7,926.0,329.0,det,0.2992512583732605
648,False,,,945.0,289.0,931.25,324.5,931.7,324.4,945.0,289.0,kf,0.0
649,False,,,963.0,265.0,936.5,320.0,936.5,320.0,963.0,265.0,kf,0.0
650,False,,,981.0,240.0,941.75,315.5,941.5,315.8,981.0,240.0,kf,0.0
651,True,947.0,311.0,961.0,281.0,947.0,311.0,946.2,311.65,947.0,311.0,det,0.2707403600215912
652,True,951.0,308.0,963.0,279.0,951.0,308.0,950.6,307.55,951.0,308.0,det,0.3709740936756134
653,False,,,978.0,261.0,954.75,303.75,954.7,303.5,978.0,261.0,kf,0.0
654,False,,,993.0,242.0,958.5,299.5,958.5,299.5,993.0,242.0,kf,0.0
655,False,,,1008.0,223.0,962.25,295.25,961.9,295.9,1008.0,223.0,kf,0.0
656,True,966.0,291.0,983.0,263.0,966.0,291.0,965.55,292.75,966.0,291.0,det,0.3342854976654053
657,True,968.0,290.0,984.0,263.0,968.0,290.0,969.05,289.85,968.0,290.0,det,0.5983786582946777
658,True,973.0,288.0,987.0,262.0,973.0,288.0,972.5,287.55,973.0,288.0,det,0.5242919921875
659,True,976.0,285.0,989.0,260.0,976.0,285.0,975.9,285.85,976.0,285.0,det,0.4862532615661621
660,False,,,1001.0,246.0,979.5,283.75,979.6,284.1,1001.0,246.0,kf,0.0
661,False,,,1013.0,233.0,983.0,282.5,983.0,282.5,1013.0,233.0,kf,0.0
662,False,,,1025.0,219.0,986.5,281.25,986.3777777777777,281.2555555555556,1025.0,219.0,kf,0.0
663,True,990.0,280.0,1004.0,255.0,990.0,280.0,989.6333333333334,280.01666666666665,990.0,280.0,det,0.1695402413606643
664,False,,,1013.0,247.0,992.8888888888889,278.77777777777777,992.7666666666667,278.7833333333333,1013.0,247.0,kf,0.0
665,False,,,1022.0,238.0,995.7777777777778,277.55555555555554,995.7777777777777,277.55555555555554,1022.0,238.0,kf,0.0
666,False,,,1031.0,230.0,998.6666666666666,276.3333333333333,998.6666666666666,276.3333333333333,1031.0,230.0,kf,0.0
667,False,,,1041.0,222.0,1001.5555555555555,275.1111111111111,1001.5555555555557,275.1111111111111,1041.0,222.0,kf,0.0
668,False,,,1050.0,213.0,1004.4444444444445,273.8888888888889,1004.4444444444446,273.8888888888889,1050.0,213.0,kf,0.0
669,False,,,1059.0,205.0,1007.3333333333334,272.6666666666667,1007.3333333333333,272.6666666666667,1059.0,205.0,kf,0.0
670,False,,,1068.0,197.0,1010.2222222222222,271.44444444444446,1010.2222222222223,271.44444444444446,1068.0,197.0,kf,0.0
671,False,,,1077.0,188.0,1013.1111111111111,270.22222222222223,1012.9333333333334,270.4666666666667,1077.0,188.0,kf,0.0
672,True,1016.0,269.0,1026.0,255.0,1016.0,269.0,1015.4666666666666,269.73333333333335,1016.0,269.0,det,0.1365998685359954
673,False,,,1029.0,254.0,1018.0,269.0,1017.8222222222223,269.2444444444444,1029.0,254.0,kf,0.0
674,False,,,1033.0,253.0,1020.0,269.0,1019.9818181818182,269.2,1033.0,253.0,kf,0.0
675,True,1022.0,269.0,1026.0,262.0,1022.0,269.0,1021.9454545454544,269.6,1022.0,269.0,det,0.1274032592773437
676,False,,,1029.0,262.0,1023.9090909090909,270.0,1023.890909090909,270.2,1029.0,262.0,kf,0.0
677,False,,,1032.0,261.0,1025.8181818181818,271.0,1025.8181818181818,271.0,1032.0,261.0,kf,0.0
678,False,,,1035.0,261.0,1027.7272727272727,272.0,1027.7272727272727,272.0,1035.0,261.0,kf,0.0
679,False,,,1038.0,261.0,1029.6363636363637,273.0,1029.6363636363635,273.0,1038.0,261.0,kf,0.0
680,False,,,1041.0,261.0,1031.5454545454545,274.0,1031.5454545454545,274.0,1041.0,261.0,kf,0.0
681,False,,,1044.0,261.0,1033.4545454545455,275.0,1033.4545454545455,275.0,1044.0,261.0,kf,0.0
682,False,,,1047.0,260.0,1035.3636363636363,276.0,1035.3636363636365,276.0,1047.0,260.0,kf,0.0
683,False,,,1050.0,260.0,1037.2727272727273,277.0,1037.2727272727275,277.0,1050.0,260.0,kf,0.0
684,False,,,1053.0,260.0,1039.1818181818182,278.0,1039.1818181818182,278.0,1053.0,260.0,kf,0.0
685,False,,,1056.0,260.0,1041.090909090909,279.0,1040.909090909091,277.6,1056.0,260.0,kf,0.0
686,True,1043.0,280.0,1044.0,277.0,1043.0,280.0,1042.4545454545455,275.8,1043.0,280.0,det,0.1094257682561874
687,False,,,1046.0,279.0,1044.0,274.0,1043.8181818181818,272.8,1046.0,279.0,kf,0.0
688,True,1045.0,268.0,1045.0,273.0,1045.0,268.0,1045.0,268.8,1045.0,268.0,det,0.3237195014953613
689,True,1046.0,263.0,1046.0,270.0,1046.0,263.0,1045.942857142857,264.2357142857143,1046.0,263.0,det,0.6825588941574097
690,True,1047.0,259.0,1046.0,268.0,1047.0,259.0,1046.8285714285714,260.50714285714287,1047.0,259.0,det,0.6629614233970642
691,False,,,1048.0,268.0,1047.7142857142858,257.17857142857144,1047.6571428571428,257.61428571428576,1048.0,268.0,kf,0.0
692,False,,,1050.0,269.0,1048.4285714285713,255.35714285714286,1048.4285714285713,255.35714285714283,1050.0,269.0,kf,0.0
693,False,,,1052.0,269.0,1049.142857142857,253.53571428571428,1049.142857142857,253.5357142857143,1052.0,269.0,kf,0.0
694,False,,,1054.0,269.0,1049.857142857143,251.71428571428572,1049.857142857143,251.71428571428572,1054.0,269.0,kf,0.0
695,False,,,1055.0,270.0,1050.5714285714287,249.89285714285714,1050.5714285714287,249.89285714285717,1055.0,270.0,kf,0.0
696,False,,,1057.0,270.0,1051.2857142857142,248.07142857142858,1051.2857142857142,248.07142857142858,1057.0,270.0,kf,0.0
697,False,,,1059.0,270.0,1052.0,246.25,1052.0,246.25,1059.0,270.0,kf,0.0
698,False,,,1061.0,270.0,1052.7142857142858,244.42857142857142,1052.7142857142858,244.42857142857142,1061.0,270.0,kf,0.0
699,False,,,1063.0,271.0,1053.4285714285713,242.60714285714286,1053.4285714285713,242.60714285714283,1063.0,271.0,kf,0.0
700,False,,,1065.0,271.0,1054.142857142857,240.78571428571428,1054.142857142857,240.7857142857143,1065.0,271.0,kf,0.0
701,False,,,1067.0,271.0,1054.857142857143,238.96428571428572,1054.857142857143,238.96428571428572,1067.0,271.0,kf,0.0
702,False,,,1068.0,272.0,1055.5714285714287,237.14285714285714,1055.5714285714287,237.14285714285717,1068.0,272.0,kf,0.0
703,False,,,1070.0,272.0,1056.2857142857142,235.32142857142858,1056.2857142857142,235.32142857142858,1070.0,272.0,kf,0.0
704,False,,,1072.0,272.0,1057.0,233.5,1057.0,233.5,1072.0,272.0,kf,0.0
705,False,,,1074.0,272.0,1057.7142857142858,231.67857142857144,1057.7142857142858,231.67857142857142,1074.0,272.0,kf,0.0
706,False,,,1076.0,273.0,1058.4285714285713,229.85714285714286,1058.4285714285713,229.85714285714283,1076.0,273.0,kf,0.0
707,False,,,1078.0,273.0,1059.142857142857,228.03571428571428,1059.142857142857,228.0357142857143,1078.0,273.0,kf,0.0
708,False,,,1080.0,273.0,1059.857142857143,226.21428571428572,1059.857142857143,226.21428571428572,1080.0,273.0,kf,0.0
709,False,,,1081.0,274.0,1060.5714285714287,224.39285714285714,1060.5714285714287,224.39285714285717,1081.0,274.0,kf,0.0
710,False,,,1083.0,274.0,1061.2857142857142,222.57142857142856,1061.2857142857142,222.57142857142858,1083.0,274.0,kf,0.0
711,False,,,1085.0,274.0,1062.0,220.75,1062.0,220.75,1085.0,274.0,kf,0.0
712,False,,,1087.0,274.0,1062.7142857142858,218.92857142857144,1062.7142857142858,218.92857142857142,1087.0,274.0,kf,0.0
713,False,,,1089.0,275.0,1063.4285714285713,217.10714285714286,1063.4285714285713,217.10714285714283,1089.0,275.0,kf,0.0
714,False,,,1091.0,275.0,1064.142857142857,215.28571428571428,1064.142857142857,215.2857142857143,1091.0,275.0,kf,0.0
715,False,,,1093.0,275.0,1064.857142857143,213.46428571428572,1064.857142857143,213.46428571428572,1093.0,275.0,kf,0.0
716,False,,,1094.0,276.0,1065.5714285714287,211.64285714285714,1065.5714285714287,211.64285714285717,1094.0,276.0,kf,0.0
717,False,,,1096.0,276.0,1066.2857142857142,209.82142857142856,1066.5428571428572,211.1857142857143,1096.0,276.0,kf,0.0
718,True,1067.0,208.0,1067.0,208.0,1067.0,208.0,1067.7714285714287,212.09285714285716,1067.0,208.0,det,0.1346134692430496
719,True,1069.0,213.0,1069.0,213.0,1069.0,213.0,1069.057142857143,213.96428571428572,1069.0,213.0,det,0.5960766673088074
720,True,1071.0,218.0,1071.0,218.0,1071.0,218.0,1070.6,217.43333333333334,1071.0,218.0,det,0.6235191822052002
721,True,1072.0,221.0,1072.0,221.0,1072.0,221.0,1072.4,222.5,1072.0,221.0,det,0.4234201312065124
722,False,,,1073.0,219.0,1074.0,227.16666666666666,1074.2,227.8,1073.0,219.0,kf,0.0
723,False,,,1073.0,217.0,1076.0,233.33333333333334,1076.0,233.33333333333334,1073.0,217.0,kf,0.0
724,False,,,1074.0,215.0,1078.0,239.5,1078.0,239.5,1074.0,215.0,kf,0.0
725,False,,,1075.0,212.0,1080.0,245.66666666666666,1080.0,245.66666666666666,1075.0,212.0,kf,0.0
726,False,,,1075.0,210.0,1082.0,251.83333333333334,1082.2,252.0,1075.0,210.0,kf,0.0
727,True,1084.0,258.0,1081.0,246.0,1084.0,258.0,1084.2,258.1,1084.0,258.0,det,0.4002287089824676
728,True,1087.0,265.0,1084.0,251.0,1087.0,265.0,1086.2,265.16666666666663,1087.0,265.0,det,0.5077133774757385
729,True,1088.0,270.0,1084.0,255.0,1088.0,270.0,1088.4,272.8,1088.0,270.0,det,0.1957520544528961
730,True,1090.0,281.0,1086.0,263.0,1090.0,281.0,1090.4,281.1,1090.0,281.0,det,0.313203901052475
731,True,1093.0,290.0,1088.0,270.0,1093.0,290.0,1092.0,289.9,1093.0,290.0,det,0.6511386036872864
732,False,,,1091.0,275.0,1094.0,299.5,1093.6,298.9,1091.0,275.0,kf,0.0
733,True,1095.0,309.0,1093.0,292.0,1095.0,309.0,1095.4,308.3,1095.0,309.0,det,0.5942973494529724
734,True,1096.0,315.0,1093.0,295.0,1096.0,315.0,1096.6,318.1,1096.0,315.0,det,0.1050919741392135
735,True,1099.0,328.0,1095.0,301.0,1099.0,328.0,1098.1,328.65,1099.0,328.0,det,0.1393785327672958
736,True,1099.0,339.0,1095.0,307.0,1099.0,339.0,1099.9,339.95,1099.0,339.0,det,0.1021811068058013
737,False,,,1097.0,316.0,1101.5,352.25,1102.0,352.7,1097.0,316.0,kf,0.0
738,False,,,1100.0,326.0,1104.0,365.5,1104.0,365.5,1100.0,326.0,kf,0.0
739,False,,,1103.0,336.0,1106.5,378.75,1106.0,378.9,1103.0,336.0,kf,0.0
740,True,1109.0,392.0,1106.0,368.0,1109.0,392.0,1108.5,393.65,1109.0,392.0,det,0.1772313416004181
741,True,1109.0,406.0,1106.0,376.0,1109.0,406.0,1110.9,408.15,1109.0,406.0,det,0.4007557928562164
742,True,1114.0,426.0,1109.0,388.0,1114.0,426.0,1113.2,423.2,1114.0,426.0,det,0.1951429694890976
743,True,1116.0,438.0,1110.0,395.0,1116.0,438.0,1115.2,439.6,1116.0,438.0,det,0.1027842760086059
744,True,1118.0,454.0,1111.0,404.0,1118.0,454.0,1117.4,455.8,1118.0,454.0,det,0.5287296175956726
745,True,1119.0,474.0,1112.0,416.0,1119.0,474.0,1118.8,471.8,1119.0,474.0,det,0.5985148549079895
746,True,1120.0,487.0,1113.0,423.0,1120.0,487.0,1120.2,489.6,1120.0,487.0,det,0.2224401980638504
747,True,1121.0,506.0,1113.0,434.0,1121.0,506.0,1121.65,508.15,1121.0,506.0,det,0.5872606635093689
748,True,1123.0,527.0,1114.0,446.0,1123.0,527.0,1123.35,526.65,1123.0,527.0,det,0.3807462453842163
749,False,,,1119.0,474.0,1125.25,546.75,1125.3,546.5,1119.0,474.0,kf,0.0
750,False,,,1124.0,502.0,1127.5,566.5,1127.5,566.5,1124.0,502.0,kf,0.0
751,False,,,1128.0,529.0,1129.75,586.25,1129.5,587.5,1128.0,529.0,kf,0.0
752,True,1132.0,606.0,1130.0,576.0,1132.0,606.0,1131.45,608.95,1132.0,606.0,det,0.1427236497402191
753,True,1133.0,632.0,1131.0,592.0,1133.0,632.0,1133.35,631.25,1133.0,632.0,det,0.1932233721017837
754,True,1135.0,654.0,1132.0,605.0,1135.0,654.0,1135.2,654.8,1135.0,654.0,det,0.5158909559249878
755,True,1137.0,678.0,1133.0,620.0,1137.0,678.0,1137.2,679.2,1137.0,678.0,det,0.4724496304988861
756,True,1139.0,704.0,1135.0,636.0,1139.0,704.0,1139.2,703.2,1139.0,704.0,det,0.113163910806179
757,True,1142.0,728.0,1136.0,650.0,1142.0,728.0,1141.2,726.8,1142.0,728.0,det,0.2314780950546264
758,True,1143.0,752.0,1137.0,665.0,1143.0,752.0,1142.9,746.65,1143.0,752.0,det,0.2875780463218689
759,True,1145.0,772.0,1138.0,677.0,1145.0,772.0,1144.3,762.35,1145.0,772.0,det,0.3723626434803009
760,False,,,1144.0,727.0,1145.5,777.25,1145.2,774.3,1144.0,727.0,kf,0.0
761,False,,,1151.0,777.0,1146.0,782.5,1146.0,782.5,1151.0,777.0,kf,0.0
762,False,,,1157.0,827.0,1146.5,787.75,1146.625,788.45,1157.0,827.0,kf,0.0
763,True,1147.0,793.0,1151.0,806.0,1147.0,793.0,1147.375,795.1,1147.0,793.0,det,0.2178888618946075
764,False,,,1156.0,853.0,1148.125,801.75,1148.25,802.45,1156.0,853.0,kf,0.0
765,False,,,1161.0,900.0,1149.25,810.5,1149.25,810.5,1161.0,900.0,kf,0.0
766,False,,,1166.0,947.0,1150.375,819.25,1150.375,819.25,1166.0,947.0,kf,0.0
767,False,,,1172.0,994.0,1151.5,828.0,1151.5,828.0,1172.0,994.0,kf,0.0
768,False,,,1177.0,1041.0,1152.625,836.75,1152.625,836.75,1177.0,1041.0,kf,0.0
769,False,,,1182.0,1088.0,1153.75,845.5,1153.75,845.5,1153.75,845.5,interp,0.0
770,False,,,1187.0,1135.0,1154.875,854.25,1154.85,854.5,1154.85,854.5,interp,0.0
771,True,1156.0,863.0,1162.0,915.0,1156.0,863.0,1155.925,864.35,1156.0,863.0,det,0.5274732708930969
772,True,1157.0,873.0,1162.0,923.0,1157.0,873.0,1156.975,874.85,1157.0,873.0,det,0.5296856164932251
773,True,1158.0,886.0,1163.0,934.0,1158.0,886.0,1158.0,886.4,1158.0,886.0,det,0.7226822972297668
774,True,1159.0,898.0,1164.0,943.0,1159.0,898.0,1158.2666666666667,890.4,1159.0,898.0,det,0.4283003211021423
775,True,1160.0,912.0,1165.0,955.0,1160.0,912.0,1157.8,886.6,1160.0,912.0,det,0.7377829551696777
776,False,,,1168.0,981.0,1157.3333333333333,883.0,1156.6,874.4,1168.0,981.0,kf,0.0
777,False,,,1170.0,1008.0,1154.6666666666667,854.0,1154.6666666666665,854.0,1170.0,1008.0,kf,0.0
778,False,,,1173.0,1035.0,1152.0,825.0,1152.0,825.0,1173.0,1035.0,kf,0.0
779,False,,,1176.0,1062.0,1149.3333333333333,796.0,1149.3333333333335,796.0,1176.0,1062.0,kf,0.0
780,False,,,1179.0,1089.0,1146.6666666666667,767.0,1146.4,766.7,1146.4,766.7,interp,0.0
781,True,1144.0,738.0,1153.0,829.0,1144.0,738.0,1143.2,737.1,1144.0,738.0,det,0.4185776710510254
782,False,,,1152.0,826.0,1140.0,707.5,1140.1333333333334,707.9,1152.0,826.0,kf,0.0
783,True,1136.0,677.0,1144.0,753.0,1136.0,677.0,1137.4,680.3,1136.0,677.0,det,0.4032552242279053
784,True,1134.0,650.0,1143.0,740.0,1134.0,650.0,1134.6,653.1,1134.0,650.0,det,0.6319035887718201
785,True,1133.0,629.0,1143.0,729.0,1133.0,629.0,1131.8,627.0,1133.0,629.0,det,0.2083878964185714
786,True,1130.0,602.0,1141.0,716.0,1130.0,602.0,1129.2,603.0,1130.0,602.0,det,0.2367357909679412
787,True,1126.0,577.0,1139.0,704.0,1126.0,577.0,1126.8,580.0,1126.0,577.0,det,0.1959266513586044
788,True,1123.0,557.0,1138.0,694.0,1123.0,557.0,1124.6,558.2,1123.0,557.0,det,0.220261201262474
789,True,1122.0,535.0,1137.0,684.0,1122.0,535.0,1122.8,538.2,1122.0,535.0,det,0.4011252224445343
790,True,1122.0,520.0,1137.0,676.0,1122.0,520.0,1121.4,519.6,1122.0,520.0,det,0.3843597173690796
791,True,1121.0,502.0,1137.0,667.0,1121.0,502.0,1120.4,502.4,1121.0,502.0,det,0.6396749019622803
792,True,1119.0,484.0,1136.0,659.0,1119.0,484.0,1119.2,486.2,1119.0,484.0,det,0.5535171031951904
793,True,1118.0,471.0,1135.0,652.0,1118.0,471.0,1117.7,470.4,1118.0,471.0,det,0.1098599731922149
794,True,1116.0,454.0,1134.0,644.0,1116.0,454.0,1116.1,455.6,1116.0,454.0,det,0.5783547759056091
795,False,,,1132.0,617.0,1114.5,441.0,1114.3,441.6,1132.0,617.0,kf,0.0
796,True,1113.0,428.0,1124.0,542.0,1113.0,428.0,1112.7,428.0,1113.0,428.0,det,0.2581799030303955
797,True,1110.0,414.0,1123.0,536.0,1110.0,414.0,1111.5,415.2,1110.0,414.0,det,0.3394680619239807
798,True,1110.0,403.0,1123.0,532.0,1110.0,403.0,1110.34,403.46,1110.0,403.0,det,0.6014275550842285
799,True,1110.0,390.0,1123.0,527.0,1110.0,390.0,1109.22,392.78000000000003,1110.0,390.0,det,0.4792514145374298
800,False,,,1119.0,486.0,1108.7,382.3,1108.44,383.36,1119.0,486.0,kf,0.0
801,False,,,1115.0,445.0,1107.4,374.6,1107.4,374.6,1115.0,445.0,kf,0.0
802,False,,,1111.0,404.0,1106.1,366.9,1106.1,366.9,1111.0,404.0,kf,0.0
803,False,,,1107.0,363.0,1104.8,359.2,1104.8,359.2,1107.0,363.0,kf,0.0
804,False,,,1103.0,323.0,1103.5,351.5,1103.5,351.5,1103.0,323.0,kf,0.0
805,False,,,1099.0,282.0,1102.2,343.8,1102.2,343.8,1099.0,282.0,kf,0.0
806,False,,,1095.0,241.0,1100.9,336.1,1100.9,336.1,1095.0,241.0,kf,0.0
807,False,,,1091.0,200.0,1099.6,328.4,1099.6,328.4,1091.0,200.0,kf,0.0
808,False,,,1087.0,159.0,1098.3,320.7,1098.76,321.44,1087.0,159.0,kf,0.0
809,True,1097.0,313.0,1095.0,289.0,1097.0,313.0,1097.98,315.21999999999997,1097.0,313.0,det,0.238934576511383
810,True,1098.0,309.0,1096.0,286.0,1098.0,309.0,1097.26,309.74,1098.0,309.0,det,0.3234692513942718
811,True,1097.0,305.0,1095.0,283.0,1097.0,305.0,1096.6,305.0,1097.0,305.0,det,0.4672013521194458
812,False,,,1092.0,255.0,1096.0,301.0,1096.0,301.0,1092.0,255.0,kf,0.0
813,False,,,1089.0,227.0,1095.0,297.0,1095.0,297.6,1089.0,227.0,kf,0.0
814,True,1094.0,293.0,1092.0,265.0,1094.0,293.0,1094.2,294.2,1094.0,293.0,det,0.179412379860878
815,True,1093.0,292.0,1091.0,264.0,1093.0,292.0,1093.6,291.2,1093.0,292.0,det,0.3101935386657715
816,True,1093.0,288.0,1091.0,262.0,1093.0,288.0,1093.2,288.8,1093.0,288.0,det,0.6329616904258728
817,True,1093.0,286.0,1091.0,261.0,1093.0,286.0,1092.8,286.8,1093.0,286.0,det,0.6793456673622131
818,True,1093.0,285.0,1091.0,260.0,1093.0,285.0,1092.2,284.8,1093.0,285.0,det,0.603215754032135
819,True,1092.0,283.0,1090.0,259.0,1092.0,283.0,1091.6,283.4,1092.0,283.0,det,0.5129658579826355
820,True,1090.0,282.0,1089.0,259.0,1090.0,282.0,1090.9,282.425,1090.0,282.0,det,0.327460765838623
821,True,1090.0,281.0,1089.0,258.0,1090.0,281.0,1090.1,281.675,1090.0,281.0,det,0.2500641644001007
822,False,,,1086.0,234.0,1089.5,281.125,1089.4,281.35,1086.0,234.0,kf,0.0
823,False,,,1083.0,210.0,1089.0,281.25,1089.0,281.25,1083.0,210.0,kf,0.0
824,False,,,1080.0,186.0,1088.5,281.375,1088.5,281.375,1080.0,186.0,kf,0.0
825,False,,,1077.0,162.0,1088.0,281.5,1088.0,281.5,1077.0,162.0,kf,0.0
826,False,,,1074.0,138.0,1087.5,281.625,1087.5,281.625,1074.0,138.0,kf,0.0
827,False,,,1071.0,114.0,1087.0,281.75,1087.0,281.75,1071.0,114.0,kf,0.0
828,False,,,1068.0,90.0,1086.5,281.875,1086.4,282.25,1068.0,90.0,kf,0.0
829,True,1086.0,282.0,1082.0,243.0,1086.0,282.0,1085.79,282.685,1086.0,282.0,det,0.2756868302822113
830,True,1085.0,284.0,1081.0,244.0,1085.0,284.0,1085.17,283.055,1085.0,284.0,det,0.2933993935585022
831,False,,,1080.0,238.0,1084.45,283.8,1084.54,283.36,1080.0,238.0,kf,0.0
832,False,,,1078.0,232.0,1083.9,283.6,1083.9,283.6,1078.0,232.0,kf,0.0
833,False,,,1076.0,225.0,1083.35,283.4,1083.35,283.4,1076.0,225.0,kf,0.0
834,False,,,1075.0,219.0,1082.8,283.2,1082.8,283.2,1075.0,219.0,kf,0.0
835,False,,,1073.0,213.0,1082.25,283.0,1082.25,283.0,1073.0,213.0,kf,0.0
836,False,,,1072.0,206.0,1081.7,282.8,1081.7,282.8,1072.0,206.0,kf,0.0
837,False,,,1070.0,200.0,1081.15,282.6,1081.15,282.6,1070.0,200.0,kf,0.0
838,False,,,1069.0,194.0,1080.6,282.4,1080.6,282.4,1069.0,194.0,kf,0.0
839,False,,,1067.0,187.0,1080.05,282.2,1080.05,282.2,1067.0,187.0,kf,0.0
840,False,,,1066.0,181.0,1079.5,282.0,1079.5,282.0,1066.0,181.0,kf,0.0
841,False,,,1064.0,175.0,1078.95,281.8,1078.95,281.8,1064.0,175.0,kf,0.0
842,False,,,1063.0,168.0,1078.4,281.6,1078.4,281.6,1063.0,168.0,kf,0.0
843,False,,,1061.0,162.0,1077.85,281.4,1077.85,281.4,1061.0,162.0,kf,0.0
844,False,,,1059.0,156.0,1077.3,281.2,1077.3,281.2,1059.0,156.0,kf,0.0
845,False,,,1058.0,149.0,1076.75,281.0,1076.75,281.0,1058.0,149.0,kf,0.0
846,False,,,1056.0,143.0,1076.2,280.8,1076.2,280.8,1056.0,143.0,kf,0.0
847,False,,,1055.0,137.0,1075.65,280.6,1075.65,280.6,1055.0,137.0,kf,0.0
848,False,,,1053.0,130.0,1075.1,280.4,1075.1,280.4,1053.0,130.0,kf,0.0
849,False,,,1052.0,124.0,1074.55,280.2,1074.46,278.74,1052.0,124.0,kf,0.0
850,True,1074.0,280.0,1073.0,275.0,1074.0,280.0,1073.73,275.62,1074.0,280.0,det,0.1353560835123062
851,False,,,1073.0,277.0,1073.0,272.5,1073.51,271.34000000000003,1073.0,277.0,kf,0.0
852,True,1072.0,265.0,1072.0,270.0,1072.0,265.0,1073.3,265.9,1072.0,265.0,det,0.1053189486265182
853,True,1074.0,259.0,1073.0,267.0,1074.0,259.0,1073.1,259.3,1074.0,259.0,det,0.1666494458913803
854,False,,,1073.0,269.0,1073.5,253.0,1073.0,253.0,1073.0,269.0,kf,0.0
855,False,,,1073.0,271.0,1073.0,247.0,1073.0,247.0,1073.0,271.0,kf,0.0
856,False,,,1072.0,273.0,1072.5,241.0,1072.55,241.3,1072.0,273.0,kf,0.0
857,True,1072.0,235.0,1072.0,251.0,1072.0,235.0,1072.15,235.9,1072.0,235.0,det,0.127022847533226
858,False,,,1072.0,250.0,1071.75,230.5,1071.8,230.8,1072.0,250.0,kf,0.0
859,False,,,1071.0,248.0,1071.5,226.0,1071.5,226.0,1071.0,248.0,kf,0.0
860,False,,,1071.0,246.0,1071.25,221.5,1071.3,221.2,1071.0,246.0,kf,0.0
861,True,1071.0,217.0,1071.0,228.0,1071.0,217.0,1070.95,216.9,1071.0,217.0,det,0.5566887259483337
862,True,1071.0,211.0,1071.0,224.0,1071.0,211.0,1070.65,212.5,1071.0,211.0,det,0.5245398879051208
863,True,1070.0,209.0,1070.0,223.0,1070.0,209.0,1070.4,208.0,1070.0,209.0,det,0.2480755746364593
864,False,,,1070.0,218.0,1070.0,204.0,1070.0,203.8,1070.0,218.0,kf,0.0
865,True,1070.0,199.0,1070.0,209.0,1070.0,199.0,1069.6,200.2,1070.0,199.0,det,0.1346791684627533
866,True,1069.0,196.0,1069.0,208.0,1069.0,196.0,1069.4,196.2,1069.0,196.0,det,0.4673133790493011
867,True,1069.0,193.0,1069.0,206.0,1069.0,193.0,1069.0,192.8,1069.0,193.0,det,0.5279918909072876
868,True,1069.0,189.0,1069.0,204.0,1069.0,189.0,1068.5666666666666,189.96666666666667,1069.0,189.0,det,0.5706310868263245
869,True,1068.0,187.0,1069.0,204.0,1068.0,187.0,1068.3,187.3,1068.0,187.0,det,0.2115634232759475
870,False,,,1068.0,196.0,1067.8333333333333,184.83333333333334,1068.0,184.8,1068.0,196.0,kf,0.0
871,False,,,1067.0,188.0,1067.6666666666667,182.66666666666666,1067.6666666666665,182.66666666666669,1067.0,188.0,kf,0.0
872,False,,,1067.0,181.0,1067.5,180.5,1067.5,180.5,1067.0,181.0,kf,0.0
873,False,,,1066.0,173.0,1067.3333333333333,178.33333333333334,1067.3333333333335,178.33333333333331,1066.0,173.0,kf,0.0
874,False,,,1066.0,166.0,1067.1666666666667,176.16666666666666,1066.8,176.4,1066.0,166.0,kf,0.0
875,True,1067.0,174.0,1066.0,171.0,1067.0,174.0,1065.9,174.7,1067.0,174.0,det,0.1868391335010528
876,True,1065.0,173.0,1065.0,170.0,1065.0,173.0,1065.0333333333333,173.23333333333332,1065.0,173.0,det,0.4847181439399719
877,True,1063.0,172.0,1063.0,170.0,1063.0,172.0,1064.2,172.0,1063.0,172.0,det,0.619137167930603
878,True,1063.0,171.0,1063.0,169.0,1063.0,171.0,1063.2,171.2,1063.0,171.0,det,0.6088683605194092
879,True,1063.0,170.0,1063.0,168.0,1063.0,170.0,1062.6,170.4,1063.0,170.0,det,0.5614911317825317
880,True,1062.0,170.0,1063.0,168.0,1062.0,170.0,1062.4,169.8,1062.0,170.0,det,0.6153409481048584
881,True,1062.0,169.0,1063.0,168.0,1062.0,169.0,1062.0,169.4,1062.0,169.0,det,0.6444599628448486
882,True,1062.0,169.0,1063.0,168.0,1062.0,169.0,1061.6,169.2,1062.0,169.0,det,0.5329318642616272
883,True,1061.0,169.0,1062.0,168.0,1061.0,169.0,1061.55,169.425,1061.0,169.0,det,0.2852572798728943
884,True,1061.0,169.0,1062.0,168.0,1061.0,169.0,1061.65,170.275,1061.0,169.0,det,0.1322283893823623
885,False,,,1061.0,160.0,1061.75,171.125,1061.9,171.55,1061.0,160.0,kf,0.0
886,False,,,1060.0,153.0,1062.5,173.25,1062.5,173.25,1060.0,153.0,kf,0.0
887,False,,,1059.0,146.0,1063.25,175.375,1063.25,175.375,1059.0,146.0,kf,0.0
888,False,,,1058.0,138.0,1064.0,177.5,1064.0,177.5,1058.0,138.0,kf,0.0
889,False,,,1057.0,131.0,1064.75,179.625,1064.75,179.625,1057.0,131.0,kf,0.0
890,False,,,1055.0,124.0,1065.5,181.75,1065.5,181.75,1055.0,124.0,kf,0.0
891,False,,,1054.0,116.0,1066.25,183.875,1066.5,184.05,1054.0,116.0,kf,0.0
892,True,1067.0,186.0,1064.0,173.0,1067.0,186.0,1067.75,187.325,1067.0,186.0,det,0.3473560810089111
893,True,1069.0,189.0,1066.0,175.0,1069.0,189.0,1069.55,191.475,1069.0,189.0,det,0.5280451774597168
894,True,1071.0,196.0,1068.0,181.0,1071.0,196.0,1071.9,196.5,1071.0,196.0,det,0.3101809918880462
895,False,,,1068.0,181.0,1074.5,202.5,1074.8,202.4,1068.0,181.0,kf,0.0
896,False,,,1068.0,180.0,1078.0,209.0,1078.0,209.0,1068.0,180.0,kf,0.0
897,False,,,1068.0,180.0,1081.5,215.5,1081.0,215.8,1068.0,180.0,kf,0.0
898,True,1085.0,222.0,1079.0,206.0,1085.0,222.0,1082.625,219.125,1085.0,222.0,det,0.402975857257843
899,True,1086.0,230.0,1079.0,211.0,1086.0,230.0,1084.1666666666667,222.5,1086.0,230.0,det,0.2582505345344543
900,False,,,1081.0,215.0,,,1085.5,226.0,1081.0,215.0,kf,0.0
