frame,detected,det_x,det_y,kf_x,kf_y,confidence
1,False,,,,,0.0
2,False,,,,,0.0
3,False,,,,,0.0
4,False,,,,,0.0
5,False,,,,,0.0
6,False,,,,,0.0
7,False,,,,,0.0
8,False,,,,,0.0
9,False,,,,,0.0
10,False,,,,,0.0
11,False,,,,,0.0
12,False,,,,,0.0
13,False,,,,,0.0
14,False,,,,,0.0
15,False,,,,,0.0
16,False,,,,,0.0
17,False,,,,,0.0
18,False,,,,,0.0
19,False,,,,,0.0
20,False,,,,,0.0
21,False,,,,,0.0
22,False,,,,,0.0
23,False,,,,,0.0
24,False,,,,,0.0
25,False,,,,,0.0
26,False,,,,,0.0
27,False,,,,,0.0
28,False,,,,,0.0
29,False,,,,,0.0
30,False,,,,,0.0
31,False,,,,,0.0
32,False,,,,,0.0
33,False,,,,,0.0
34,False,,,,,0.0
35,False,,,,,0.0
36,False,,,,,0.0
37,False,,,,,0.0
38,False,,,,,0.0
39,False,,,,,0.0
40,False,,,,,0.0
41,False,,,,,0.0
42,False,,,,,0.0
43,False,,,,,0.0
44,False,,,,,0.0
45,False,,,,,0.0
46,False,,,,,0.0
47,False,,,,,0.0
48,False,,,,,0.0
49,False,,,,,0.0
50,False,,,,,0.0
51,False,,,,,0.0
52,False,,,,,0.0
53,True,826,666,0,0,0.2152007520198822
54,False,,,0,0,0.0
55,True,825,643,4,3,0.3713979125022888
56,False,,,4,3,0.0
57,True,823,627,19,14,0.376267671585083
58,False,,,24,18,0.0
59,False,,,29,22,0.0
60,False,,,33,25,0.0
61,False,,,38,29,0.0
62,True,811,580,244,176,0.23964712023735046
63,True,810,572,244,174,0.2133299857378006
64,True,810,567,244,173,0.1260025054216385
65,True,808,558,244,170,0.5034447908401489
66,True,808,551,244,168,0.700300931930542
67,True,807,547,243,167,0.6993075609207153
68,False,,,299,205,0.0
69,True,803,534,451,304,0.4670637547969818
70,True,802,528,451,303,0.7022953629493713
71,True,800,523,450,301,0.5672418475151062
72,False,,,539,360,0.0
73,True,798,512,622,409,0.12624318897724152
74,True,797,508,622,407,0.435943603515625
75,False,,,727,476,0.0
76,False,,,833,545,0.0
77,False,,,939,613,0.0
78,False,,,1045,682,0.0
79,False,,,1150,750,0.0
80,False,,,1256,819,0.0
81,False,,,1362,888,0.0
82,True,784,486,919,580,0.2068462371826172
83,True,783,485,918,579,0.38321805000305176
84,True,782,484,918,578,0.299294114112854
85,True,782,484,918,578,0.3738774359226227
86,True,781,482,917,577,0.5224758386611938
87,True,780,482,916,577,0.5036061406135559
88,True,778,482,914,577,0.6351752281188965
89,True,777,482,914,577,0.619518518447876
90,True,775,484,912,578,0.5197921991348267
91,True,774,485,911,579,0.5704175233840942
92,True,774,485,911,579,0.4671195149421692
93,True,773,486,911,580,0.17649872601032257
94,False,,,962,611,0.0
95,False,,,1012,642,0.0
96,False,,,1063,673,0.0
97,False,,,1114,704,0.0
98,False,,,1165,736,0.0
99,True,763,505,869,566,0.1599806398153305
100,True,761,508,868,568,0.3628101646900177
101,True,761,510,868,570,0.20248796045780182
102,False,,,884,581,0.0
103,True,760,522,823,552,0.6414003372192383
104,True,759,526,823,554,0.687370777130127
105,True,758,532,822,557,0.498888224363327
106,True,771,525,829,554,0.10085003823041916
107,True,802,503,844,543,0.6425139307975769
108,True,828,488,856,536,0.42049700021743774
109,True,848,473,866,528,0.2034090906381607
110,True,871,458,877,521,0.6623683571815491
111,False,,,892,525,0.0
112,False,,,908,529,0.0
113,True,929,421,917,478,0.13248953223228455
114,True,944,413,925,474,0.2450142353773117
115,False,,,942,469,0.0
116,False,,,960,465,0.0
117,False,,,978,460,0.0
118,True,757,717,853,604,0.3090404272079468
119,False,,,852,622,0.0
120,False,,,850,640,0.0
121,False,,,848,658,0.0
122,True,1044,361,964,481,0.5428562760353088
123,True,1050,358,968,479,0.269236296415329
124,True,1060,356,974,478,0.21549703180789948
125,True,1068,354,979,477,0.5113864541053772
126,True,1072,354,981,477,0.13150019943714142
127,False,,,999,468,0.0
128,True,1087,350,1038,415,0.11305723339319229
129,False,,,1062,398,0.0
130,False,,,1086,381,0.0
131,False,,,1110,364,0.0
132,True,1108,344,1109,353,0.16972075402736664
133,False,,,1132,334,0.0
134,False,,,1156,316,0.0
135,False,,,1180,297,0.0
136,False,,,1203,278,0.0
137,False,,,1227,260,0.0
138,True,1134,337,1160,315,0.4919762909412384
139,False,,,1175,303,0.0
140,True,1142,313,1159,308,0.5669361352920532
141,False,,,1172,297,0.0
142,False,,,1185,286,0.0
143,False,,,1197,275,0.0
144,False,,,1210,264,0.0
145,True,1158,258,1177,260,0.2985709607601166
146,False,,,1185,248,0.0
147,False,,,1194,237,0.0
148,False,,,1202,225,0.0
149,True,1169,221,1182,222,0.23068726062774658
150,False,,,1187,211,0.0
151,False,,,1192,199,0.0
152,False,,,1198,187,0.0
153,False,,,1203,175,0.0
154,False,,,1208,163,0.0
155,False,,,1213,151,0.0
156,False,,,1219,139,0.0
157,False,,,1224,127,0.0
158,False,,,1229,115,0.0
159,False,,,1235,103,0.0
160,False,,,1240,91,0.0
161,False,,,1245,80,0.0
162,False,,,1251,68,0.0
163,False,,,1256,56,0.0
164,False,,,1261,44,0.0
165,False,,,1266,32,0.0
166,False,,,1272,20,0.0
167,False,,,1277,8,0.0
168,False,,,1282,-3,0.0
169,False,,,1288,-15,0.0
170,False,,,1293,-27,0.0
171,False,,,1298,-39,0.0
172,False,,,1304,-50,0.0
173,False,,,1309,-62,0.0
174,False,,,1314,-74,0.0
175,False,,,1319,-86,0.0
176,False,,,1325,-98,0.0
177,False,,,1330,-110,0.0
178,False,,,1335,-122,0.0
179,False,,,1341,-134,0.0
180,False,,,1346,-146,0.0
181,False,,,1351,-158,0.0
182,False,,,1357,-170,0.0
183,False,,,1362,-181,0.0
184,False,,,1367,-193,0.0
185,False,,,1372,-205,0.0
186,False,,,1378,-217,0.0
187,False,,,1383,-229,0.0
188,False,,,1388,-241,0.0
189,False,,,1394,-253,0.0
190,False,,,1399,-265,0.0
191,False,,,1404,-277,0.0
192,False,,,1410,-289,0.0
193,False,,,1415,-300,0.0
194,False,,,1420,-312,0.0
195,False,,,1425,-324,0.0
196,True,1087,165,1088,163,0.46467557549476624
197,False,,,1083,165,0.0
198,False,,,1079,167,0.0
199,True,1061,185,1068,177,0.383259117603302
200,True,1051,192,1062,182,0.19484654068946838
201,True,1045,199,1058,186,0.2554537355899811
202,False,,,1051,191,0.0
203,True,1025,215,1039,201,0.5539326667785645
204,True,1017,223,1035,205,0.4047873020172119
205,False,,,1025,213,0.0
206,False,,,1015,220,0.0
207,False,,,1005,228,0.0
208,True,978,263,988,249,0.3962704539299011
209,False,,,974,261,0.0
210,False,,,961,273,0.0
211,True,951,294,955,285,0.2452276200056076
212,True,942,309,950,293,0.37008294463157654
213,False,,,934,308,0.0
214,True,924,334,930,320,0.5989200472831726
215,True,916,344,926,324,0.24858416616916656
216,True,907,357,922,330,0.3590889871120453
217,False,,,904,349,0.0
218,False,,,887,367,0.0
219,True,876,404,881,385,0.5889588594436646
220,False,,,863,406,0.0
221,True,856,436,860,418,0.3306728005409241
222,True,847,452,856,425,0.25021088123321533
223,True,834,471,851,432,0.15471313893795013
224,True,829,487,849,439,0.33609262108802795
225,True,818,505,845,446,0.24315832555294037
226,True,808,524,841,454,0.6747470498085022
227,True,797,543,836,462,0.3218005299568176
228,True,787,561,832,469,0.2180853635072708
229,True,779,568,829,472,0.5390874147415161
230,False,,,805,505,0.0
231,True,760,568,788,528,0.2659212052822113
232,True,751,567,785,527,0.3062560260295868
233,False,,,757,564,0.0
234,True,733,568,748,565,0.33299997448921204
235,True,723,568,745,565,0.21066519618034363
236,True,713,568,741,565,0.5120750069618225
237,True,704,571,738,566,0.6405154466629028
238,True,693,571,734,566,0.12568913400173187
239,True,684,574,731,568,0.6848386526107788
240,True,675,576,728,568,0.11777330189943314
241,True,664,580,724,570,0.5032789707183838
242,True,654,583,721,571,0.5064665675163269
243,False,,,686,609,0.0
244,True,633,592,668,603,0.2666354775428772
245,True,620,595,664,604,0.10032618045806885
246,True,612,598,661,605,0.7222152352333069
247,True,602,603,657,607,0.19007231295108795
248,False,,,618,644,0.0
249,False,,,578,682,0.0
250,False,,,538,720,0.0
251,True,558,628,548,672,0.3179088830947876
252,True,544,639,541,678,0.16766807436943054
253,True,534,644,536,680,0.5777435302734375
254,True,520,653,529,685,0.33279523253440857
255,True,511,663,524,690,0.35150113701820374
256,True,498,671,517,694,0.5077734589576721
257,True,487,680,512,699,0.49660736322402954
258,True,474,690,505,704,0.5387694239616394
259,True,462,700,499,709,0.3348899483680725
260,True,449,713,492,716,0.5701854825019836
261,True,438,724,486,722,0.5306800603866577
262,True,425,737,480,728,0.4868015944957733
263,True,414,748,474,734,0.5015583038330078
264,True,402,759,468,740,0.10542071610689163
265,True,429,724,482,722,0.2699034512042999
266,True,454,694,495,706,0.2307721972465515
267,True,475,664,505,691,0.3898874521255493
268,True,507,625,522,671,0.40066012740135193
269,True,526,602,532,659,0.30448898673057556
270,True,549,575,544,645,0.42368340492248535
271,True,569,550,554,632,0.3360409736633301
272,True,588,526,564,620,0.7062214016914368
273,True,607,502,573,607,0.3859339654445648
274,False,,,540,626,0.0
275,False,,,506,645,0.0
276,False,,,472,663,0.0
277,True,669,432,587,528,0.23292087018489838
278,True,684,416,595,519,0.4110735356807709
279,False,,,580,516,0.0
280,True,710,390,638,460,0.4478980004787445
281,False,,,631,448,0.0
282,False,,,624,437,0.0
283,False,,,618,425,0.0
284,True,755,343,692,380,0.3714353144168854
285,True,763,335,696,376,0.29521825909614563
286,False,,,702,357,0.0
287,True,783,317,737,339,0.21466436982154846
288,False,,,748,318,0.0
289,False,,,759,296,0.0
290,True,810,295,782,295,0.13208641111850739
291,True,820,287,787,292,0.31380200386047363
292,True,827,283,790,290,0.5982213020324707
293,False,,,806,267,0.0
294,False,,,822,244,0.0
295,True,847,267,834,255,0.4924685060977936
296,True,855,264,838,253,0.7379482984542847
297,True,859,259,839,251,0.23283879458904266
298,True,868,258,844,250,0.1580272614955902
299,True,871,255,845,249,0.1522592157125473
300,False,,,865,227,0.0
301,False,,,885,205,0.0
302,False,,,905,183,0.0
303,False,,,925,161,0.0
304,False,,,945,139,0.0
305,False,,,965,117,0.0
306,False,,,985,95,0.0
307,False,,,1005,73,0.0
308,False,,,1025,51,0.0
309,False,,,1045,29,0.0
310,False,,,1064,7,0.0
311,False,,,1084,-14,0.0
312,False,,,1104,-36,0.0
313,False,,,1124,-58,0.0
314,False,,,1144,-80,0.0
315,False,,,1164,-102,0.0
316,False,,,1184,-124,0.0
317,False,,,1204,-146,0.0
318,False,,,1224,-168,0.0
319,False,,,1244,-190,0.0
320,False,,,1264,-212,0.0
321,False,,,1284,-234,0.0
322,False,,,1304,-256,0.0
323,False,,,1324,-278,0.0
324,False,,,1343,-300,0.0
325,False,,,1363,-322,0.0
326,False,,,1383,-344,0.0
327,True,973,216,979,207,0.34116411209106445
328,True,976,211,981,202,0.3328602612018585
329,False,,,983,206,0.0
330,False,,,984,209,0.0
331,False,,,985,212,0.0
332,False,,,987,216,0.0
333,False,,,988,219,0.0
334,False,,,989,223,0.0
335,True,990,171,989,181,0.19007539749145508
336,True,991,169,990,180,0.22887730598449707
337,True,993,164,992,176,0.13691025972366333
338,False,,,993,173,0.0
339,False,,,995,171,0.0
340,False,,,997,169,0.0
341,False,,,998,167,0.0
342,False,,,1000,164,0.0
343,False,,,1002,162,0.0
344,False,,,1003,160,0.0
345,False,,,1005,158,0.0
346,False,,,1006,155,0.0
347,False,,,1008,153,0.0
348,False,,,1010,151,0.0
349,False,,,1011,149,0.0
350,False,,,1013,146,0.0
351,False,,,1014,144,0.0
352,False,,,1016,142,0.0
353,False,,,1018,140,0.0
354,False,,,1019,137,0.0
355,False,,,1021,135,0.0
356,False,,,1022,133,0.0
357,False,,,1024,131,0.0
358,False,,,1026,128,0.0
359,False,,,1027,126,0.0
360,False,,,1029,124,0.0
361,False,,,1031,122,0.0
362,False,,,1032,119,0.0
363,False,,,1034,117,0.0
364,False,,,1035,115,0.0
365,False,,,1037,113,0.0
366,False,,,1039,110,0.0
367,False,,,1040,108,0.0
368,False,,,1042,106,0.0
369,True,902,195,903,194,0.1947692632675171
370,False,,,899,195,0.0
371,True,894,209,896,202,0.13712379336357117
372,False,,,892,204,0.0
373,False,,,888,206,0.0
374,False,,,883,208,0.0
375,False,,,879,210,0.0
376,False,,,875,212,0.0
377,True,868,257,869,245,0.16914725303649902
378,True,860,264,864,250,0.10762500762939453
379,False,,,858,257,0.0
380,True,854,285,856,271,0.7219899296760559
381,True,848,296,853,277,0.3351396322250366
382,True,844,307,851,282,0.366494357585907
383,False,,,844,294,0.0
384,True,833,330,839,308,0.51649409532547
385,True,829,341,837,313,0.19503141939640045
386,True,824,356,835,319,0.5132957100868225
387,True,822,364,834,322,0.2343944013118744
388,False,,,826,339,0.0
389,True,809,399,819,361,0.11785352230072021
390,True,805,415,818,367,0.5946432948112488
391,True,800,426,816,371,0.5027031898498535
392,False,,,806,393,0.0
393,False,,,795,415,0.0
394,True,785,477,791,443,0.6050376892089844
395,True,780,495,788,451,0.3945799171924591
396,True,775,511,786,458,0.4827077388763428
397,False,,,774,488,0.0
398,True,762,551,769,512,0.5045031905174255
399,True,758,572,768,521,0.6142650246620178
400,True,751,593,765,529,0.5896731019020081
401,True,748,608,764,535,0.23858541250228882
402,True,739,638,760,547,0.12128191441297531
403,True,735,656,759,554,0.19986023008823395
404,True,730,679,757,563,0.5660249590873718
405,True,725,702,755,572,0.3069852888584137
406,False,,,739,617,0.0
407,True,713,750,729,665,0.19266656041145325
408,False,,,712,719,0.0
409,False,,,695,773,0.0
410,False,,,677,827,0.0
411,False,,,660,881,0.0
412,False,,,643,935,0.0
413,False,,,626,989,0.0
414,False,,,608,1042,0.0
415,True,665,786,652,842,0.38780677318573
416,True,661,789,649,845,0.3757146894931793
417,True,655,790,644,845,0.40168169140815735
418,False,,,631,876,0.0
419,True,640,794,635,834,0.20674648880958557
420,True,633,799,632,837,0.4617144465446472
421,False,,,619,862,0.0
422,True,618,807,618,840,0.10042472928762436
423,True,614,812,617,842,0.6191955208778381
424,True,607,816,614,843,0.5426028966903687
425,False,,,600,866,0.0
426,False,,,587,888,0.0
427,True,586,835,586,865,0.22667625546455383
428,False,,,573,883,0.0
429,True,589,814,579,856,0.3401493728160858
430,True,608,769,586,839,0.6202064752578735
431,True,619,743,590,829,0.3297589123249054
432,True,630,713,595,817,0.448523610830307
433,True,642,687,599,807,0.44367924332618713
434,True,657,657,605,796,0.39123302698135376
435,True,665,638,608,788,0.15793801844120026
436,True,678,607,613,776,0.526378333568573
437,True,687,591,616,770,0.26095637679100037
438,True,694,572,619,763,0.18129348754882812
439,True,705,551,623,755,0.7263730764389038
440,True,712,533,626,748,0.5102716684341431
441,False,,,622,743,0.0
442,True,729,501,660,656,0.7310711741447449
443,True,735,488,662,651,0.3076637089252472
444,True,740,477,664,647,0.22345271706581116
445,True,749,462,667,642,0.407336562871933
446,True,753,455,669,639,0.6810497045516968
447,False,,,673,616,0.0
448,False,,,677,592,0.0
449,False,,,681,568,0.0
450,True,774,415,729,488,0.14766690135002136
451,True,779,408,732,484,0.5878676176071167
452,True,784,402,735,481,0.4938787817955017
453,False,,,748,443,0.0
454,False,,,761,404,0.0
455,True,798,384,779,394,0.2636549770832062
456,False,,,796,354,0.0
457,False,,,812,314,0.0
458,False,,,828,274,0.0
459,False,,,844,234,0.0
460,False,,,860,194,0.0
461,True,820,360,831,311,0.38321834802627563
462,True,823,358,833,309,0.5537464022636414
463,True,827,357,836,308,0.4032978415489197
464,True,830,355,838,307,0.4775393009185791
465,False,,,852,282,0.0
466,False,,,865,257,0.0
467,False,,,878,232,0.0
468,False,,,891,206,0.0
469,False,,,905,181,0.0
470,False,,,918,156,0.0
471,False,,,931,131,0.0
472,False,,,945,106,0.0
473,False,,,958,80,0.0
474,False,,,971,55,0.0
475,True,855,337,868,305,0.6349687576293945
476,True,857,328,869,297,0.21156826615333557
477,False,,,873,294,0.0
478,False,,,877,290,0.0
479,False,,,881,287,0.0
480,False,,,885,284,0.0
481,False,,,889,281,0.0
482,True,867,282,872,281,0.18671339750289917
483,False,,,875,278,0.0
484,True,870,268,872,273,0.43173980712890625
485,True,871,262,873,270,0.39507561922073364
486,True,872,259,873,269,0.564563512802124
487,False,,,875,264,0.0
488,False,,,877,260,0.0
489,False,,,879,255,0.0
490,False,,,880,251,0.0
491,False,,,882,247,0.0
492,False,,,884,242,0.0
493,False,,,886,238,0.0
494,False,,,888,234,0.0
495,True,881,221,882,223,0.2647354006767273
496,True,880,219,881,221,0.11039547622203827
497,False,,,882,215,0.0
498,False,,,883,210,0.0
499,False,,,884,204,0.0
500,False,,,885,198,0.0
501,False,,,886,192,0.0
502,False,,,887,187,0.0
503,False,,,889,181,0.0
504,False,,,890,175,0.0
505,False,,,891,169,0.0
506,False,,,892,163,0.0
507,False,,,893,158,0.0
508,False,,,894,152,0.0
509,False,,,895,146,0.0
510,False,,,896,140,0.0
511,False,,,897,135,0.0
512,False,,,898,129,0.0
513,False,,,899,123,0.0
514,False,,,900,117,0.0
515,True,893,211,893,207,0.15517207980155945
516,False,,,893,207,0.0
517,False,,,894,207,0.0
518,False,,,895,207,0.0
519,False,,,895,206,0.0
520,False,,,896,206,0.0
521,False,,,896,206,0.0
522,False,,,897,206,0.0
523,False,,,898,206,0.0
524,False,,,898,206,0.0
525,False,,,899,205,0.0
526,False,,,899,205,0.0
527,False,,,900,205,0.0
528,False,,,901,205,0.0
529,False,,,901,205,0.0
530,False,,,902,205,0.0
531,False,,,902,204,0.0
532,False,,,903,204,0.0
533,False,,,904,204,0.0
534,False,,,904,204,0.0
535,False,,,905,204,0.0
536,False,,,906,203,0.0
537,False,,,906,203,0.0
538,False,,,907,203,0.0
539,False,,,907,203,0.0
540,False,,,908,203,0.0
541,True,854,282,854,280,0.42141857743263245
542,True,852,287,852,285,0.649416446685791
543,True,848,290,848,288,0.5902000069618225
544,True,846,295,847,293,0.12389624118804932
545,False,,,844,297,0.0
546,False,,,842,301,0.0
547,False,,,839,306,0.0
548,False,,,837,310,0.0
549,False,,,835,314,0.0
550,True,831,330,832,326,0.5633985996246338
551,True,829,336,830,330,0.690403401851654
552,True,827,342,829,335,0.10678379982709885
553,True,822,352,825,342,0.2661072313785553
554,True,821,358,824,347,0.2592901289463043
555,False,,,820,355,0.0
556,False,,,817,363,0.0
557,False,,,813,371,0.0
558,False,,,809,380,0.0
559,False,,,806,388,0.0
560,True,804,404,804,400,0.44297459721565247
561,True,799,411,800,405,0.17036888003349304
562,False,,,796,415,0.0
563,False,,,791,426,0.0
564,False,,,787,436,0.0
565,False,,,783,447,0.0
566,True,783,458,783,454,0.42393729090690613
567,False,,,778,466,0.0
568,True,777,480,777,472,0.6632339358329773
569,True,773,489,775,477,0.16634488105773926
570,True,772,501,775,482,0.1772032529115677
571,False,,,770,496,0.0
572,True,761,525,766,507,0.6265097856521606
573,True,758,534,765,511,0.29004526138305664
574,True,755,549,764,517,0.6569221615791321
575,True,750,559,762,521,0.19440189003944397
576,True,747,573,761,526,0.2535630762577057
577,False,,,755,545,0.0
578,True,737,602,748,565,0.5510475039482117
579,False,,,741,587,0.0
580,True,731,629,737,601,0.3018226623535156
581,True,725,642,735,606,0.5559588074684143
582,False,,,727,631,0.0
583,True,714,674,722,646,0.34486424922943115
584,True,712,690,722,651,0.6041761636734009
585,False,,,712,680,0.0
586,True,702,716,708,692,0.40246152877807617
587,False,,,698,724,0.0
588,False,,,688,755,0.0
589,True,688,720,688,740,0.13748174905776978
590,True,684,721,686,740,0.2141772210597992
591,True,680,722,684,741,0.2816367745399475
592,False,,,674,770,0.0
593,False,,,663,799,0.0
594,False,,,652,827,0.0
595,False,,,641,856,0.0
596,False,,,630,885,0.0
597,False,,,619,914,0.0
598,False,,,609,943,0.0
599,False,,,598,972,0.0
600,False,,,587,1001,0.0
601,False,,,576,1030,0.0
602,False,,,565,1059,0.0
603,False,,,554,1088,0.0
604,False,,,544,1116,0.0
605,False,,,533,1145,0.0
606,False,,,522,1174,0.0
607,False,,,511,1203,0.0
608,False,,,500,1232,0.0
609,False,,,490,1261,0.0
610,False,,,479,1290,0.0
611,False,,,468,1319,0.0
612,False,,,457,1348,0.0
613,False,,,446,1376,0.0
614,False,,,435,1405,0.0
615,True,664,692,659,707,0.44860604405403137
616,True,678,669,672,684,0.5313945412635803
617,True,690,650,684,666,0.4809596538543701
618,True,703,633,697,649,0.43211477994918823
619,False,,,700,638,0.0
620,True,727,596,714,615,0.6321583986282349
621,True,736,580,719,607,0.5335983037948608
622,True,749,561,726,597,0.3972150683403015
623,True,759,548,731,590,0.6972805261611938
624,True,770,533,737,582,0.15578633546829224
625,True,778,518,741,574,0.2948368787765503
626,True,786,505,745,567,0.3933938145637512
627,True,797,493,751,561,0.13572463393211365
628,True,805,481,755,554,0.6769088506698608
629,False,,,763,536,0.0
630,True,824,457,788,504,0.4404369592666626
631,True,829,448,790,500,0.16619884967803955
632,False,,,801,476,0.0
633,False,,,813,453,0.0
634,False,,,825,429,0.0
635,True,857,407,842,417,0.2576211094856262
636,True,867,400,848,413,0.12298658490180969
637,True,872,391,851,408,0.1607787311077118
638,True,876,385,853,404,0.22579282522201538
639,False,,,870,376,0.0
640,False,,,887,348,0.0
641,True,895,363,891,356,0.5407134294509888
642,True,901,358,894,353,0.5492129325866699
643,False,,,912,326,0.0
644,False,,,930,299,0.0
645,True,919,337,924,318,0.3759409189224243
646,True,923,333,926,316,0.45994070172309875
647,True,926,329,928,314,0.2992512583732605
648,False,,,945,289,0.0
649,False,,,963,265,0.0
650,False,,,981,240,0.0
651,True,947,311,961,281,0.2707403600215912
652,True,951,308,963,279,0.3709740936756134
653,False,,,978,261,0.0
654,False,,,993,242,0.0
655,False,,,1008,223,0.0
656,True,966,291,983,263,0.3342854976654053
657,True,968,290,984,263,0.5983786582946777
658,True,973,288,987,262,0.5242919921875
659,True,976,285,989,260,0.4862532615661621
660,False,,,1001,246,0.0
661,False,,,1013,233,0.0
662,False,,,1025,219,0.0
663,True,990,280,1004,255,0.16954024136066437
664,False,,,1013,247,0.0
665,False,,,1022,238,0.0
666,False,,,1031,230,0.0
667,False,,,1041,222,0.0
668,False,,,1050,213,0.0
669,False,,,1059,205,0.0
670,False,,,1068,197,0.0
671,False,,,1077,188,0.0
672,True,1016,269,1026,255,0.13659986853599548
673,False,,,1029,254,0.0
674,False,,,1033,253,0.0
675,True,1022,269,1026,262,0.12740325927734375
676,False,,,1029,262,0.0
677,False,,,1032,261,0.0
678,False,,,1035,261,0.0
679,False,,,1038,261,0.0
680,False,,,1041,261,0.0
681,False,,,1044,261,0.0
682,False,,,1047,260,0.0
683,False,,,1050,260,0.0
684,False,,,1053,260,0.0
685,False,,,1056,260,0.0
686,True,1043,280,1044,277,0.10942576825618744
687,False,,,1046,279,0.0
688,True,1045,268,1045,273,0.32371950149536133
689,True,1046,263,1046,270,0.6825588941574097
690,True,1047,259,1046,268,0.6629614233970642
691,False,,,1048,268,0.0
692,False,,,1050,269,0.0
693,False,,,1052,269,0.0
694,False,,,1054,269,0.0
695,False,,,1055,270,0.0
696,False,,,1057,270,0.0
697,False,,,1059,270,0.0
698,False,,,1061,270,0.0
699,False,,,1063,271,0.0
700,False,,,1065,271,0.0
701,False,,,1067,271,0.0
702,False,,,1068,272,0.0
703,False,,,1070,272,0.0
704,False,,,1072,272,0.0
705,False,,,1074,272,0.0
706,False,,,1076,273,0.0
707,False,,,1078,273,0.0
708,False,,,1080,273,0.0
709,False,,,1081,274,0.0
710,False,,,1083,274,0.0
711,False,,,1085,274,0.0
712,False,,,1087,274,0.0
713,False,,,1089,275,0.0
714,False,,,1091,275,0.0
715,False,,,1093,275,0.0
716,False,,,1094,276,0.0
717,False,,,1096,276,0.0
718,True,1067,208,1067,208,0.13461346924304962
719,True,1069,213,1069,213,0.5960766673088074
720,True,1071,218,1071,218,0.6235191822052002
721,True,1072,221,1072,221,0.42342013120651245
722,False,,,1073,219,0.0
723,False,,,1073,217,0.0
724,False,,,1074,215,0.0
725,False,,,1075,212,0.0
726,False,,,1075,210,0.0
727,True,1084,258,1081,246,0.40022870898246765
728,True,1087,265,1084,251,0.5077133774757385
729,True,1088,270,1084,255,0.19575205445289612
730,True,1090,281,1086,263,0.313203901052475
731,True,1093,290,1088,270,0.6511386036872864
732,False,,,1091,275,0.0
733,True,1095,309,1093,292,0.5942973494529724
734,True,1096,315,1093,295,0.10509197413921356
735,True,1099,328,1095,301,0.13937853276729584
736,True,1099,339,1095,307,0.10218110680580139
737,False,,,1097,316,0.0
738,False,,,1100,326,0.0
739,False,,,1103,336,0.0
740,True,1109,392,1106,368,0.1772313416004181
741,True,1109,406,1106,376,0.40075579285621643
742,True,1114,426,1109,388,0.1951429694890976
743,True,1116,438,1110,395,0.10278427600860596
744,True,1118,454,1111,404,0.5287296175956726
745,True,1119,474,1112,416,0.5985148549079895
746,True,1120,487,1113,423,0.2224401980638504
747,True,1121,506,1113,434,0.5872606635093689
748,True,1123,527,1114,446,0.3807462453842163
749,False,,,1119,474,0.0
750,False,,,1124,502,0.0
751,False,,,1128,529,0.0
752,True,1132,606,1130,576,0.14272364974021912
753,True,1133,632,1131,592,0.19322337210178375
754,True,1135,654,1132,605,0.5158909559249878
755,True,1137,678,1133,620,0.4724496304988861
756,True,1139,704,1135,636,0.11316391080617905
757,True,1142,728,1136,650,0.23147809505462646
758,True,1143,752,1137,665,0.2875780463218689
759,True,1145,772,1138,677,0.3723626434803009
760,False,,,1144,727,0.0
761,False,,,1151,777,0.0
762,False,,,1157,827,0.0
763,True,1147,793,1151,806,0.21788886189460754
764,False,,,1156,853,0.0
765,False,,,1161,900,0.0
766,False,,,1166,947,0.0
767,False,,,1172,994,0.0
768,False,,,1177,1041,0.0
769,False,,,1182,1088,0.0
770,False,,,1187,1135,0.0
771,True,1156,863,1162,915,0.5274732708930969
772,True,1157,873,1162,923,0.5296856164932251
773,True,1158,886,1163,934,0.7226822972297668
774,True,1159,898,1164,943,0.42830032110214233
775,True,1160,912,1165,955,0.7377829551696777
776,False,,,1168,981,0.0
777,False,,,1170,1008,0.0
778,False,,,1173,1035,0.0
779,False,,,1176,1062,0.0
780,False,,,1179,1089,0.0
781,True,1144,738,1153,829,0.4185776710510254
782,False,,,1152,826,0.0
783,True,1136,677,1144,753,0.4032552242279053
784,True,1134,650,1143,740,0.6319035887718201
785,True,1133,629,1143,729,0.20838789641857147
786,True,1130,602,1141,716,0.23673579096794128
787,True,1126,577,1139,704,0.19592665135860443
788,True,1123,557,1138,694,0.22026120126247406
789,True,1122,535,1137,684,0.4011252224445343
790,True,1122,520,1137,676,0.3843597173690796
791,True,1121,502,1137,667,0.6396749019622803
792,True,1119,484,1136,659,0.5535171031951904
793,True,1118,471,1135,652,0.10985997319221497
794,True,1116,454,1134,644,0.5783547759056091
795,False,,,1132,617,0.0
796,True,1113,428,1124,542,0.2581799030303955
797,True,1110,414,1123,536,0.3394680619239807
798,True,1110,403,1123,532,0.6014275550842285
799,True,1110,390,1123,527,0.4792514145374298
800,False,,,1119,486,0.0
801,False,,,1115,445,0.0
802,False,,,1111,404,0.0
803,False,,,1107,363,0.0
804,False,,,1103,323,0.0
805,False,,,1099,282,0.0
806,False,,,1095,241,0.0
807,False,,,1091,200,0.0
808,False,,,1087,159,0.0
809,True,1097,313,1095,289,0.23893457651138306
810,True,1098,309,1096,286,0.32346925139427185
811,True,1097,305,1095,283,0.4672013521194458
812,False,,,1092,255,0.0
813,False,,,1089,227,0.0
814,True,1094,293,1092,265,0.179412379860878
815,True,1093,292,1091,264,0.3101935386657715
816,True,1093,288,1091,262,0.6329616904258728
817,True,1093,286,1091,261,0.6793456673622131
818,True,1093,285,1091,260,0.603215754032135
819,True,1092,283,1090,259,0.5129658579826355
820,True,1090,282,1089,259,0.32746076583862305
821,True,1090,281,1089,258,0.2500641644001007
822,False,,,1086,234,0.0
823,False,,,1083,210,0.0
824,False,,,1080,186,0.0
825,False,,,1077,162,0.0
826,False,,,1074,138,0.0
827,False,,,1071,114,0.0
828,False,,,1068,90,0.0
829,True,1086,282,1082,243,0.2756868302822113
830,True,1085,284,1081,244,0.2933993935585022
831,False,,,1080,238,0.0
832,False,,,1078,232,0.0
833,False,,,1076,225,0.0
834,False,,,1075,219,0.0
835,False,,,1073,213,0.0
836,False,,,1072,206,0.0
837,False,,,1070,200,0.0
838,False,,,1069,194,0.0
839,False,,,1067,187,0.0
840,False,,,1066,181,0.0
841,False,,,1064,175,0.0
842,False,,,1063,168,0.0
843,False,,,1061,162,0.0
844,False,,,1059,156,0.0
845,False,,,1058,149,0.0
846,False,,,1056,143,0.0
847,False,,,1055,137,0.0
848,False,,,1053,130,0.0
849,False,,,1052,124,0.0
850,True,1074,280,1073,275,0.1353560835123062
851,False,,,1073,277,0.0
852,True,1072,265,1072,270,0.10531894862651825
853,True,1074,259,1073,267,0.1666494458913803
854,False,,,1073,269,0.0
855,False,,,1073,271,0.0
856,False,,,1072,273,0.0
857,True,1072,235,1072,251,0.127022847533226
858,False,,,1072,250,0.0
859,False,,,1071,248,0.0
860,False,,,1071,246,0.0
861,True,1071,217,1071,228,0.5566887259483337
862,True,1071,211,1071,224,0.5245398879051208
863,True,1070,209,1070,223,0.24807557463645935
864,False,,,1070,218,0.0
865,True,1070,199,1070,209,0.1346791684627533
866,True,1069,196,1069,208,0.46731337904930115
867,True,1069,193,1069,206,0.5279918909072876
868,True,1069,189,1069,204,0.5706310868263245
869,True,1068,187,1069,204,0.21156342327594757
870,False,,,1068,196,0.0
871,False,,,1067,188,0.0
872,False,,,1067,181,0.0
873,False,,,1066,173,0.0
874,False,,,1066,166,0.0
875,True,1067,174,1066,171,0.18683913350105286
876,True,1065,173,1065,170,0.4847181439399719
877,True,1063,172,1063,170,0.619137167930603
878,True,1063,171,1063,169,0.6088683605194092
879,True,1063,170,1063,168,0.5614911317825317
880,True,1062,170,1063,168,0.6153409481048584
881,True,1062,169,1063,168,0.6444599628448486
882,True,1062,169,1063,168,0.5329318642616272
883,True,1061,169,1062,168,0.2852572798728943
884,True,1061,169,1062,168,0.13222838938236237
885,False,,,1061,160,0.0
886,False,,,1060,153,0.0
887,False,,,1059,146,0.0
888,False,,,1058,138,0.0
889,False,,,1057,131,0.0
890,False,,,1055,124,0.0
891,False,,,1054,116,0.0
892,True,1067,186,1064,173,0.34735608100891113
893,True,1069,189,1066,175,0.5280451774597168
894,True,1071,196,1068,181,0.31018099188804626
895,False,,,1068,181,0.0
896,False,,,1068,180,0.0
897,False,,,1068,180,0.0
898,True,1085,222,1079,206,0.402975857257843
899,True,1086,230,1079,211,0.25825053453445435
900,False,,,1081,215,0.0
