frame,time_sec,detected,x1,y1,x2,y2,conf
0,0.000000,1,783.1016845703125,742.9459228515625,824.7997436523438,779.8792114257812,0.6466783285140991
1,0.016683,1,784.1112670898438,743.619873046875,824.7178344726562,779.68359375,0.6289752125740051
2,0.033367,1,781.40283203125,744.5064086914062,824.74462890625,780.349609375,0.623383641242981
3,0.050050,1,782.3123168945312,744.11474609375,824.66259765625,781.3544921875,0.6310029029846191
4,0.066733,1,782.4879150390625,743.607421875,824.59814453125,782.2408447265625,0.652888834476471
5,0.083417,1,781.3123779296875,743.551513671875,824.5325927734375,782.5328979492188,0.6889664530754089
6,0.100100,1,783.3845825195312,743.1793212890625,824.1321411132812,782.7848510742188,0.6731685996055603
7,0.116783,1,783.568359375,743.0131225585938,823.8916625976562,783.4803466796875,0.6983832120895386
8,0.133467,1,783.2479858398438,743.015869140625,823.4458618164062,783.5968017578125,0.7126570343971252
9,0.150150,1,783.1148071289062,742.9004516601562,822.7249145507812,784.2738647460938,0.7243661284446716
10,0.166833,1,783.2407836914062,743.0704345703125,822.4453125,785.0120239257812,0.7579494118690491
11,0.183517,1,782.8510131835938,743.6546630859375,822.1925048828125,785.1419677734375,0.7336698770523071
12,0.200200,1,782.4302368164062,744.4171142578125,821.912353515625,785.4069213867188,0.7304431796073914
13,0.216883,1,781.4386596679688,744.7000122070312,821.4025268554688,785.7284545898438,0.7237033843994141
14,0.233567,1,782.0821533203125,746.2277221679688,820.693603515625,785.6805419921875,0.696214497089386
15,0.250250,1,781.6930541992188,746.9845581054688,819.603759765625,786.5887451171875,0.674809455871582
16,0.266933,1,780.91796875,747.2747192382812,818.9465942382812,787.58154296875,0.6626084446907043
17,0.283617,1,778.8369140625,750.2454223632812,816.740478515625,789.6764526367188,0.7099564075469971
18,0.300300,1,779.1553344726562,749.8465576171875,816.2828979492188,788.763427734375,0.7081481218338013
19,0.316983,1,778.2595825195312,752.2055053710938,815.9002075195312,789.0712280273438,0.6551985740661621
20,0.333667,1,774.0707397460938,756.7592163085938,813.0678100585938,791.2769775390625,0.7047471404075623
21,0.350350,1,773.121826171875,756.6055297851562,812.4385986328125,791.4977416992188,0.6565346121788025
22,0.367033,1,780.6806640625,757.84228515625,810.510009765625,790.3114624023438,0.6134245991706848
23,0.383717,1,775.8253784179688,760.4723510742188,809.8339233398438,791.5647583007812,0.4304359555244446
24,0.400400,1,768.8280029296875,762.2109375,808.6878662109375,794.0042724609375,0.4119875431060791
25,0.417083,1,767.6266479492188,762.9820556640625,807.5637817382812,795.2578735351562,0.5384660959243774
26,0.433767,1,766.54931640625,766.71826171875,806.3222045898438,796.090576171875,0.588532030582428
27,0.450450,1,767.9290161132812,766.7391357421875,805.4559326171875,796.7206420898438,0.5847002267837524
28,0.467133,1,763.368408203125,769.6484985351562,803.7675170898438,797.2765502929688,0.4056267738342285
29,0.483817,1,771.0289306640625,773.4561767578125,803.1309814453125,799.433349609375,0.3235681354999542
30,0.500500,1,760.8858642578125,774.6119384765625,802.5533447265625,802.415771484375,0.3606405556201935
31,0.517183,1,754.3670043945312,771.5491333007812,798.1029052734375,805.13525390625,0.46401315927505493
32,0.533867,1,753.0073852539062,766.8555908203125,797.8305053710938,806.15771484375,0.4733273983001709
33,0.550550,1,751.1885375976562,764.824951171875,790.9868774414062,809.7760620117188,0.4464215338230133
34,0.567233,1,750.0623779296875,785.021728515625,800.3139038085938,861.490234375,0.3289661407470703
35,0.583917,1,758.3158569335938,787.89990234375,801.2975463867188,860.9342651367188,0.3706820607185364
36,0.600600,1,756.7659301757812,788.7132568359375,801.771240234375,860.5215454101562,0.3234925866127014
37,0.617283,1,761.2274780273438,792.3551025390625,802.4322509765625,860.424560546875,0.45867666602134705
38,0.633967,1,762.5304565429688,794.0834350585938,801.5809936523438,860.9678344726562,0.40569838881492615
39,0.650650,1,764.2194213867188,769.6348266601562,802.5822143554688,860.7947998046875,0.45667827129364014
40,0.667333,1,746.6596069335938,787.95703125,800.3882446289062,865.7830810546875,0.438606858253479
41,0.684017,1,746.711181640625,783.3427734375,794.3417358398438,865.3130493164062,0.47836998105049133
42,0.700700,1,746.1205444335938,781.58642578125,789.041015625,865.5010986328125,0.5036529898643494
43,0.717383,1,745.0424194335938,779.8793334960938,789.5147094726562,864.9730224609375,0.430067777633667
44,0.734067,1,750.907470703125,786.955078125,803.1751098632812,861.9169921875,0.300159752368927
45,0.750750,1,752.5335693359375,788.2405395507812,803.8226318359375,861.7791748046875,0.37222906947135925
46,0.767433,1,759.0706176757812,708.3075561523438,827.4404296875,739.064208984375,0.3795832693576813
47,0.784117,1,756.4246826171875,785.4446411132812,804.2937622070312,862.4813232421875,0.1524902582168579
48,0.800800,1,756.3971557617188,785.6990356445312,804.8490600585938,862.8624267578125,0.24718555808067322
49,0.817483,1,762.97705078125,794.6656494140625,805.6034545898438,863.2899169921875,0.21244320273399353
50,0.834167,1,728.430419921875,778.7979736328125,762.5323486328125,821.86328125,0.2391834408044815
51,0.850850,1,729.0027465820312,775.7966918945312,763.6812133789062,821.7193603515625,0.37663784623146057
52,0.867533,1,776.0889282226562,658.504638671875,831.983154296875,696.9115600585938,0.5432808995246887
53,0.884217,1,768.9010620117188,648.7256469726562,831.0078735351562,697.8081665039062,0.35085365176200867
54,0.900900,1,734.3370971679688,777.8448486328125,769.7578735351562,820.5675659179688,0.36169812083244324
55,0.917583,1,735.3638305664062,779.0138549804688,768.7613525390625,819.06982421875,0.271058589220047
56,0.934267,1,736.8615112304688,782.6864013671875,768.36279296875,818.6473999023438,0.17009757459163666
57,0.950950,1,736.5223388671875,775.4297485351562,770.6563720703125,821.3331909179688,0.4379662573337555
58,0.967633,1,738.8666381835938,777.3848876953125,770.9002685546875,821.8516845703125,0.40041136741638184
59,0.984317,1,741.4170532226562,778.5571899414062,772.0104370117188,820.667236328125,0.22737306356430054
60,1.001000,1,778.9061889648438,627.5076293945312,805.437255859375,669.00244140625,0.2425442636013031
61,1.017683,1,772.0503540039062,625.5281982421875,800.24072265625,687.186767578125,0.1608497053384781
62,1.034367,1,776.8374633789062,624.532470703125,799.2433471679688,668.384521484375,0.1963804066181183
63,1.051050,1,773.8006591796875,623.7301025390625,797.3114013671875,675.8347778320312,0.163849338889122
64,1.067733,1,772.8197021484375,622.5745239257812,794.83740234375,666.7132568359375,0.2163841873407364
65,1.084417,1,772.240234375,623.59814453125,792.5768432617188,674.493896484375,0.14648832380771637
66,1.101100,1,772.2252197265625,623.3067626953125,790.4134521484375,678.1924438476562,0.16584065556526184
67,1.117783,1,771.4304809570312,622.8235473632812,788.3856811523438,686.3822631835938,0.12036989629268646
68,1.134467,1,771.7296752929688,623.0643920898438,788.3995971679688,691.232666015625,0.20443695783615112
69,1.151150,1,771.1036376953125,623.5878295898438,786.472412109375,692.60595703125,0.12466834485530853
70,1.167833,1,770.9368896484375,623.1209106445312,785.88232421875,694.8982543945312,0.18611641228199005
71,1.184517,0,,,,,
72,1.201200,0,,,,,
73,1.217883,0,,,,,
74,1.234567,0,,,,,
75,1.251250,0,,,,,
76,1.267933,0,,,,,
77,1.284617,0,,,,,
78,1.301300,1,766.2015991210938,625.7017822265625,787.1680908203125,700.1192626953125,0.24261021614074707
79,1.317983,1,764.7498779296875,626.2717895507812,788.174560546875,702.3391723632812,0.41486337780952454
80,1.334667,1,766.16552734375,628.185546875,788.4382934570312,702.205078125,0.38946524262428284
81,1.351350,1,764.5115356445312,628.1508178710938,790.1646118164062,703.4965209960938,0.2501554489135742
82,1.368033,1,764.1582641601562,626.790283203125,792.9010620117188,699.6165161132812,0.22884559631347656
83,1.384717,1,762.4867553710938,626.59423828125,793.201416015625,702.7359008789062,0.33645516633987427
84,1.401400,1,720.6007080078125,696.6432495117188,737.0613403320312,754.0658569335938,0.5527259111404419
85,1.418083,1,716.2344360351562,690.2515258789062,758.0560913085938,764.94287109375,0.6421846747398376
86,1.434767,1,711.21875,685.6008911132812,731.2234497070312,744.416015625,0.6865431666374207
87,1.451450,1,706.044677734375,679.4928588867188,734.6865844726562,754.560791015625,0.8005089163780212
88,1.468133,1,703.2222290039062,677.3045654296875,731.3193969726562,736.7831420898438,0.8086041212081909
89,1.484817,1,699.0201416015625,672.268310546875,732.481201171875,736.1441040039062,0.8696064352989197
90,1.501500,1,696.6614990234375,679.3506469726562,736.122802734375,744.989013671875,0.8033474683761597
91,1.518183,1,694.776123046875,675.0968627929688,736.3449096679688,738.5045776367188,0.7695898413658142
92,1.534867,1,695.6232299804688,679.9264526367188,738.4402465820312,738.9268188476562,0.7182987332344055
93,1.551550,1,714.8273315429688,709.5648193359375,762.4541625976562,752.4212036132812,0.487153559923172
94,1.568233,1,723.340576171875,717.4931030273438,769.584228515625,747.9849243164062,0.1694040298461914
95,1.584917,0,,,,,
96,1.601600,1,731.491943359375,715.97412109375,757.0818481445312,746.2057495117188,0.20280808210372925
97,1.618283,1,737.0621337890625,715.3016357421875,767.1632080078125,760.1730346679688,0.5827301144599915
98,1.634967,1,740.4495239257812,704.3883056640625,756.6227416992188,770.9070434570312,0.471838116645813
99,1.651650,0,,,,,
100,1.668333,0,,,,,
101,1.685017,0,,,,,
102,1.701700,0,,,,,
103,1.718383,1,749.1069946289062,590.1697998046875,797.3895263671875,623.2631225585938,0.15422925353050232
104,1.735067,0,,,,,
105,1.751750,0,,,,,
106,1.768433,1,782.4395141601562,495.4675598144531,813.9633178710938,521.7259521484375,0.2026093453168869
107,1.785117,1,820.6109619140625,566.4794921875,865.3840942382812,609.889892578125,0.3275652825832367
108,1.801800,1,829.609375,582.544921875,881.4236450195312,616.4309692382812,0.10087121278047562
109,1.818483,1,822.2656860351562,594.4441528320312,889.8217163085938,626.4617919921875,0.18319131433963776
110,1.835167,0,,,,,
111,1.851850,0,,,,,
112,1.868533,0,,,,,
113,1.885217,1,896.8326416015625,676.6324462890625,907.8953247070312,739.9553833007812,0.1378049999475479
114,1.901900,0,,,,,
115,1.918583,0,,,,,
116,1.935267,0,,,,,
117,1.951950,1,881.7508544921875,712.8131103515625,896.4818725585938,796.0918579101562,0.1357702910900116
118,1.968633,1,880.6572875976562,747.5543212890625,896.1926879882812,808.7373657226562,0.12940055131912231
119,1.985317,1,864.1649780273438,713.6994018554688,896.5277709960938,808.8054809570312,0.32305479049682617
120,2.002000,1,868.3114013671875,730.0808715820312,895.1920166015625,812.3690185546875,0.26006728410720825
121,2.018683,1,866.7753295898438,769.97900390625,892.9114379882812,819.211669921875,0.19753798842430115
122,2.035367,1,864.91796875,763.21826171875,891.385498046875,825.337158203125,0.3139042258262634
123,2.052050,1,862.8347778320312,762.1312866210938,889.0269165039062,828.4938354492188,0.42708203196525574
124,2.068733,1,858.95654296875,754.3906860351562,884.65283203125,827.6691284179688,0.3079700171947479
125,2.085417,1,843.793212890625,733.595947265625,878.7183837890625,827.6266479492188,0.4470319449901581
126,2.102100,1,837.7285766601562,734.6182861328125,875.0494995117188,830.3895874023438,0.3991788923740387
127,2.118783,1,837.5635986328125,735.10595703125,869.3082275390625,823.3873901367188,0.2629548907279968
128,2.135467,1,837.97265625,736.6651000976562,866.868896484375,831.0933837890625,0.17832858860492706
129,2.152150,1,840.5707397460938,735.5266723632812,864.123046875,822.2699584960938,0.28660252690315247
130,2.168833,1,841.4000244140625,730.9552612304688,862.682373046875,817.6004028320312,0.43025121092796326
131,2.185517,1,840.1680908203125,730.8029174804688,865.0458984375,791.5997924804688,0.3376469016075134
132,2.202200,0,,,,,
133,2.218883,0,,,,,
134,2.235567,0,,,,,
135,2.252250,1,838.3130493164062,700.244384765625,863.1491088867188,758.2211303710938,0.11390215903520584
136,2.268933,0,,,,,
137,2.285617,1,836.5585327148438,702.7939453125,860.8800659179688,749.4700927734375,0.10878332704305649
138,2.302300,0,,,,,
139,2.318983,0,,,,,
140,2.335667,1,837.0361328125,715.0543212890625,857.2652587890625,745.8658447265625,0.15701410174369812
141,2.352350,1,1144.5927734375,107.3287353515625,1169.914306640625,123.54917907714844,0.10390147566795349
142,2.369033,0,,,,,
143,2.385717,0,,,,,
144,2.402400,0,,,,,
145,2.419083,0,,,,,
146,2.435767,0,,,,,
147,2.452450,0,,,,,
148,2.469133,0,,,,,
149,2.485817,0,,,,,
150,2.502500,0,,,,,
151,2.519183,1,1170.41796875,141.45863342285156,1192.2938232421875,156.03680419921875,0.10889538377523422
152,2.535867,0,,,,,
153,2.552550,1,1169.984375,141.85946655273438,1191.859619140625,156.0482177734375,0.12955418229103088
154,2.569233,1,1169.963623046875,141.64508056640625,1191.971923828125,156.06411743164062,0.14826686680316925
155,2.585917,1,1169.9384765625,141.18704223632812,1191.8865966796875,155.73036193847656,0.12724588811397552
156,2.602600,0,,,,,
157,2.619283,0,,,,,
158,2.635967,1,1172.2957763671875,103.22850036621094,1189.41943359375,122.71939086914062,0.1437803953886032
159,2.652650,1,1172.3961181640625,106.25729370117188,1192.2154541015625,123.92994689941406,0.1590956598520279
160,2.669333,1,1176.218994140625,106.81555938720703,1195.78857421875,124.36003875732422,0.14342884719371796
161,2.686017,0,,,,,
162,2.702700,0,,,,,
163,2.719383,0,,,,,
164,2.736067,0,,,,,
165,2.752750,0,,,,,
166,2.769433,0,,,,,
167,2.786117,1,778.8719482421875,788.269775390625,807.3838500976562,861.4515380859375,0.11351222544908524
168,2.802800,1,775.7347412109375,790.486328125,805.6710205078125,866.9125366210938,0.10915853083133698
169,2.819483,0,,,,,
170,2.836167,1,1185.026611328125,116.81344604492188,1214.077880859375,132.46026611328125,0.10005269199609756
171,2.852850,0,,,,,
172,2.869533,0,,,,,
173,2.886217,0,,,,,
174,2.902900,0,,,,,
175,2.919583,0,,,,,
176,2.936267,0,,,,,
177,2.952950,0,,,,,
178,2.969633,0,,,,,
179,2.986317,0,,,,,
180,3.003000,0,,,,,
181,3.019683,0,,,,,
182,3.036367,1,765.6464233398438,757.3173217773438,790.5183715820312,800.1892700195312,0.2517569363117218
183,3.053050,1,767.5040283203125,758.68212890625,790.39404296875,800.8516845703125,0.18928471207618713
184,3.069733,1,768.0407104492188,761.4017944335938,790.2437133789062,800.9150390625,0.14376595616340637
185,3.086417,0,,,,,
186,3.103100,0,,,,,
187,3.119783,0,,,,,
188,3.136467,0,,,,,
189,3.153150,0,,,,,
190,3.169833,0,,,,,
191,3.186517,0,,,,,
192,3.203200,0,,,,,
193,3.219883,0,,,,,
194,3.236567,0,,,,,
195,3.253250,0,,,,,
196,3.269933,0,,,,,
197,3.286617,0,,,,,
198,3.303300,0,,,,,
199,3.319983,0,,,,,
200,3.336667,0,,,,,
201,3.353350,0,,,,,
202,3.370033,0,,,,,
203,3.386717,0,,,,,
204,3.403400,0,,,,,
205,3.420083,0,,,,,
206,3.436767,0,,,,,
207,3.453450,0,,,,,
208,3.470133,0,,,,,
209,3.486817,0,,,,,
210,3.503500,0,,,,,
211,3.520183,0,,,,,
212,3.536867,0,,,,,
213,3.553550,0,,,,,
214,3.570233,0,,,,,
215,3.586917,0,,,,,
216,3.603600,0,,,,,
217,3.620283,1,1150.44921875,141.5170135498047,1191.8072509765625,155.39553833007812,0.11107298731803894
218,3.636967,1,1149.231201171875,142.93280029296875,1192.0101318359375,155.47987365722656,0.11186724901199341
219,3.653650,0,,,,,
220,3.670333,0,,,,,
221,3.687017,0,,,,,
222,3.703700,0,,,,,
223,3.720383,0,,,,,
224,3.737067,0,,,,,
225,3.753750,0,,,,,
226,3.770433,0,,,,,
227,3.787117,0,,,,,
228,3.803800,0,,,,,
229,3.820483,0,,,,,
230,3.837167,0,,,,,
231,3.853850,0,,,,,
232,3.870533,1,458.3266296386719,756.8523559570312,502.9822082519531,842.6508178710938,0.2794766128063202
233,3.887217,1,456.3016662597656,761.3568115234375,502.1921081542969,848.5067749023438,0.37783634662628174
234,3.903900,1,454.46905517578125,760.512451171875,488.8685302734375,806.6883544921875,0.505875825881958
235,3.920583,1,450.4446105957031,761.1002197265625,487.36370849609375,809.2789306640625,0.49081581830978394
236,3.937267,1,447.0876159667969,762.9483642578125,485.74658203125,814.355224609375,0.3710710108280182
237,3.953950,1,443.3356018066406,762.92138671875,480.1297302246094,813.4566650390625,0.42941316962242126
238,3.970633,1,441.17962646484375,765.2887573242188,477.9111328125,812.9474487304688,0.5143736600875854
239,3.987317,1,438.16693115234375,764.3333740234375,474.3365783691406,814.5744018554688,0.5176445245742798
240,4.004000,1,436.880859375,764.6533813476562,484.01312255859375,814.1358032226562,0.5459677577018738
241,4.020683,1,433.02484130859375,767.0107421875,471.119384765625,813.40087890625,0.5528625249862671
242,4.037367,1,431.8200988769531,766.86181640625,465.4768981933594,811.4871826171875,0.5169858336448669
243,4.054050,1,428.6940612792969,769.65673828125,462.4615478515625,812.6870727539062,0.544293224811554
244,4.070733,1,427.179931640625,770.2084350585938,459.872314453125,814.552001953125,0.5943676233291626
245,4.087417,1,425.9244079589844,771.2420654296875,459.83599853515625,816.1131591796875,0.6067033410072327
246,4.104100,1,424.2835998535156,773.7274169921875,457.1925048828125,817.5830078125,0.48709461092948914
247,4.120783,1,423.29473876953125,776.3759765625,454.30548095703125,818.73779296875,0.4405861496925354
248,4.137467,1,421.2409973144531,780.9127807617188,450.0843200683594,819.2484741210938,0.48417362570762634
249,4.154150,1,420.4530029296875,785.5504760742188,446.3001708984375,820.2676391601562,0.5258654356002808
250,4.170833,1,418.20501708984375,791.7550048828125,443.85003662109375,827.366455078125,0.4906748831272125
251,4.187517,0,,,,,
252,4.204200,0,,,,,
253,4.220883,0,,,,,
254,4.237567,0,,,,,
255,4.254250,1,433.3063659667969,808.2438354492188,474.1222229003906,851.4462890625,0.2299010455608368
256,4.270933,0,,,,,
257,4.287617,0,,,,,
258,4.304300,0,,,,,
259,4.320983,0,,,,,
260,4.337667,0,,,,,
261,4.354350,0,,,,,
262,4.371033,0,,,,,
263,4.387717,0,,,,,
264,4.404400,0,,,,,
265,4.421083,0,,,,,
266,4.437767,0,,,,,
267,4.454450,0,,,,,
268,4.471133,1,946.706787109375,138.1724853515625,992.9469604492188,158.0181884765625,0.10025397688150406
269,4.487817,1,525.0543823242188,685.6362915039062,578.0450439453125,737.16650390625,0.1700490564107895
270,4.504500,1,518.5817260742188,685.9163818359375,573.5231323242188,738.8587646484375,0.22197987139225006
271,4.521183,1,948.3922119140625,132.84283447265625,993.7556762695312,157.38888549804688,0.1161232516169548
272,4.537867,0,,,,,
273,4.554550,0,,,,,
274,4.571233,0,,,,,
275,4.587917,0,,,,,
276,4.604600,0,,,,,
277,4.621283,1,947.9046020507812,136.70028686523438,992.5892944335938,158.35922241210938,0.11207584291696548
278,4.637967,1,948.0088500976562,137.21466064453125,992.4932250976562,158.28652954101562,0.12242671847343445
279,4.654650,1,948.053466796875,137.2605438232422,992.1945190429688,158.21310424804688,0.10961589217185974
280,4.671333,1,948.05712890625,137.09999084472656,992.137939453125,158.151123046875,0.15028016269207
281,4.688017,1,948.1165161132812,137.22647094726562,992.373291015625,158.17935180664062,0.1676824390888214
282,4.704700,1,948.75146484375,134.04425048828125,992.8070068359375,157.1076202392578,0.11945508420467377
283,4.721383,0,,,,,
284,4.738067,0,,,,,
285,4.754750,0,,,,,
286,4.771433,0,,,,,
287,4.788117,1,949.62109375,137.71112060546875,990.7903442382812,156.08287048339844,0.13536125421524048
288,4.804800,1,949.6966552734375,137.95751953125,990.8785400390625,156.17967224121094,0.12855395674705505
289,4.821483,1,949.5870361328125,138.1720733642578,991.0818481445312,156.2926483154297,0.14146293699741364
290,4.838167,1,949.4141235351562,138.2150115966797,991.0014038085938,156.16246032714844,0.1772877722978592
291,4.854850,1,949.31396484375,137.7967071533203,991.7464599609375,156.32212829589844,0.1873691827058792
292,4.871533,1,488.9097595214844,803.4111938476562,522.4866333007812,839.7830810546875,0.18448872864246368
293,4.888217,1,490.0364685058594,804.288818359375,526.8880615234375,841.1787109375,0.36420029401779175
294,4.904900,1,490.88232421875,806.8607177734375,532.6807250976562,837.9650268554688,0.2066401243209839
295,4.921583,1,948.3834228515625,132.5103302001953,985.9398193359375,156.79766845703125,0.2458188384771347
296,4.938267,1,948.1129760742188,132.7364044189453,988.2251586914062,156.94712829589844,0.32173827290534973
297,4.954950,1,948.5845336914062,137.27304077148438,990.552490234375,156.9791717529297,0.2762729525566101
298,4.971633,1,948.48486328125,137.30685424804688,990.7628173828125,157.43392944335938,0.29257598519325256
299,4.988317,1,947.8771362304688,133.79823303222656,985.3818969726562,157.7490692138672,0.31474271416664124
300,5.005000,1,947.4548950195312,131.74810791015625,982.8854370117188,157.90621948242188,0.33412250876426697
301,5.021683,1,947.3230590820312,131.92933654785156,980.674072265625,157.6221466064453,0.4542216956615448
302,5.038367,1,947.3904418945312,134.28379821777344,977.7943725585938,157.25982666015625,0.479705810546875
303,5.055050,1,947.6288452148438,135.21762084960938,978.2763061523438,157.5614776611328,0.5814883708953857
304,5.071733,1,947.7548217773438,136.13421630859375,977.1227416992188,157.24705505371094,0.5579808950424194
305,5.088417,1,948.111328125,133.52613830566406,976.4527587890625,156.90353393554688,0.49326854944229126
306,5.105100,1,948.349609375,131.1100311279297,973.3363647460938,156.7015380859375,0.5335689783096313
307,5.121783,1,948.4920654296875,131.46044921875,970.2103881835938,156.4334259033203,0.4854466915130615
308,5.138467,1,948.37890625,131.430908203125,969.5156860351562,156.5976104736328,0.5584235191345215
309,5.155150,1,948.2638549804688,131.989013671875,968.5958862304688,157.19775390625,0.37360578775405884
310,5.171833,1,948.345947265625,132.30426025390625,966.02734375,156.52792358398438,0.265586793422699
311,5.188517,1,948.6743774414062,132.12246704101562,965.3688354492188,155.9407196044922,0.171778604388237
312,5.205200,0,,,,,
313,5.221883,0,,,,,
314,5.238567,1,949.5120849609375,136.2154998779297,962.1677856445312,157.43646240234375,0.12213651090860367
315,5.255250,0,,,,,
316,5.271933,0,,,,,
317,5.288617,0,,,,,
318,5.305300,0,,,,,
319,5.321983,0,,,,,
320,5.338667,0,,,,,
321,5.355350,0,,,,,
322,5.372033,0,,,,,
323,5.388717,0,,,,,
324,5.405400,0,,,,,
325,5.422083,0,,,,,
326,5.438767,0,,,,,
327,5.455450,1,985.28759765625,125.44132232666016,1005.0391845703125,147.747314453125,0.11230526864528656
328,5.472133,1,969.5777587890625,133.01641845703125,1001.2769775390625,157.1298370361328,0.19986282289028168
329,5.488817,1,963.6229248046875,137.1309051513672,997.19384765625,157.1691436767578,0.20081326365470886
330,5.505500,1,963.070556640625,134.7291717529297,1003.0162963867188,156.68576049804688,0.24735495448112488
331,5.522183,1,964.970458984375,138.51791381835938,1001.3040771484375,157.1773681640625,0.12771843373775482
332,5.538867,0,,,,,
333,5.555550,0,,,,,
334,5.572233,0,,,,,
335,5.588917,1,962.1676025390625,143.21275329589844,990.59765625,159.1899871826172,0.10886462032794952
336,5.605600,1,963.7868041992188,140.98837280273438,992.9994506835938,159.4991912841797,0.16586680710315704
337,5.622283,1,965.2119140625,141.06524658203125,990.7527465820312,158.23280334472656,0.3155589997768402
338,5.638967,1,964.906005859375,141.52830505371094,989.8488159179688,157.87733459472656,0.24994345009326935
339,5.655650,1,963.4367065429688,132.439453125,999.5546264648438,158.21649169921875,0.10129018127918243
340,5.672333,1,965.1516723632812,140.81700134277344,1000.5726928710938,157.70823669433594,0.10390960425138474
341,5.689017,0,,,,,
342,5.705700,1,958.7232055664062,135.73060607910156,987.6897583007812,155.83311462402344,0.11508902907371521
343,5.722383,0,,,,,
344,5.739067,0,,,,,
345,5.755750,1,961.7606201171875,143.73880004882812,988.8543701171875,156.8001708984375,0.3096003234386444
346,5.772433,1,961.6224975585938,142.39768981933594,990.0538330078125,157.2300567626953,0.28289514780044556
347,5.789117,1,959.8591918945312,135.7671661376953,992.6918334960938,157.77993774414062,0.28515610098838806
348,5.805800,1,960.3592529296875,136.27996826171875,991.2769775390625,157.4504852294922,0.3220328688621521
349,5.822483,1,962.9118041992188,136.06370544433594,990.3792724609375,156.833740234375,0.4281638264656067
350,5.839167,1,966.0849609375,135.27418518066406,991.6107788085938,154.97030639648438,0.433961421251297
351,5.855850,1,962.5983276367188,136.19931030273438,990.8760375976562,154.1788330078125,0.47042375802993774
352,5.872533,1,962.093505859375,137.43943786621094,991.429931640625,154.30380249023438,0.5018673539161682
353,5.889217,1,960.4437255859375,137.7912139892578,992.3789672851562,155.41287231445312,0.38273128867149353
354,5.905900,1,958.4851684570312,140.5843505859375,990.3570556640625,157.56910705566406,0.394049733877182
355,5.922583,1,958.4482421875,139.6462860107422,990.51953125,157.70355224609375,0.46572816371917725
356,5.939267,1,958.7496337890625,139.7322235107422,990.4336547851562,157.5535125732422,0.4384362995624542
357,5.955950,1,959.4116821289062,139.68150329589844,990.3056030273438,157.39247131347656,0.4926809072494507
358,5.972633,1,958.5403442382812,140.2046356201172,990.3926391601562,157.32444763183594,0.5591824650764465
359,5.989317,1,957.8173828125,139.5522003173828,990.32373046875,157.27268981933594,0.5687328577041626
360,6.006000,1,957.3696899414062,139.4886016845703,990.3521118164062,157.27500915527344,0.4851175546646118
361,6.022683,1,955.8162841796875,139.1517791748047,990.3201293945312,156.94761657714844,0.47999468445777893
362,6.039367,1,955.3677978515625,138.6482391357422,990.588134765625,156.6746063232422,0.44934114813804626
363,6.056050,1,954.1620483398438,139.02584838867188,990.632080078125,156.48928833007812,0.4846297800540924
364,6.072733,1,954.916259765625,139.37403869628906,990.2845458984375,156.4539337158203,0.4832253158092499
365,6.089417,1,954.8102416992188,139.47044372558594,990.4323120117188,156.3774871826172,0.384709894657135
366,6.106100,1,953.9320678710938,139.5845947265625,990.5469360351562,156.42681884765625,0.4256903827190399
367,6.122783,1,953.3223876953125,139.53851318359375,990.7617797851562,156.34640502929688,0.3722529709339142
368,6.139467,1,953.549072265625,140.20428466796875,990.886474609375,156.35816955566406,0.2976944148540497
369,6.156150,1,953.5314331054688,140.23114013671875,990.9768676757812,156.414306640625,0.22380684316158295
370,6.172833,1,953.4812622070312,139.84458923339844,991.0790405273438,156.6045684814453,0.23675329983234406
371,6.189517,1,952.6788940429688,139.77357482910156,991.2119750976562,156.89878845214844,0.2436700314283371
372,6.206200,1,953.2730712890625,139.55810546875,991.1458740234375,156.99716186523438,0.23899680376052856
373,6.222883,1,952.9396362304688,139.43223571777344,991.1775512695312,157.00367736816406,0.22676752507686615
374,6.239567,1,952.3408813476562,138.3035888671875,991.3130493164062,157.004150390625,0.26827549934387207
375,6.256250,1,952.2182006835938,137.96119689941406,991.4082641601562,156.9834747314453,0.27951309084892273
376,6.272933,1,952.2176513671875,137.57400512695312,991.4051513671875,156.84686279296875,0.2959073781967163
377,6.289617,1,952.0308837890625,137.13223266601562,991.3273315429688,156.7180633544922,0.31474292278289795
378,6.306300,1,952.22607421875,137.29510498046875,991.2513427734375,156.6678466796875,0.35734543204307556
379,6.322983,1,952.4855346679688,137.91810607910156,991.2610473632812,156.73915100097656,0.42954692244529724
380,6.339667,1,952.6805419921875,138.1448974609375,991.2667236328125,156.7626953125,0.41154980659484863
381,6.356350,1,952.3568115234375,137.48345947265625,991.3212890625,156.79566955566406,0.37707164883613586
382,6.373033,1,681.149658203125,804.7283935546875,719.869873046875,844.6409912109375,0.5466527342796326
383,6.389717,1,952.795166015625,137.819091796875,991.3480224609375,156.78529357910156,0.41380420327186584
384,6.406400,1,952.9066772460938,138.09500122070312,991.323486328125,156.84481811523438,0.395524799823761
385,6.423083,1,953.2948608398438,138.64955139160156,991.2976684570312,156.89895629882812,0.3966253101825714
386,6.439767,1,953.3411865234375,138.38133239746094,991.3914184570312,156.9541778564453,0.36276116967201233
387,6.456450,1,953.729736328125,138.5125274658203,991.3355712890625,157.052734375,0.26388323307037354
388,6.473133,1,955.1295776367188,138.968017578125,991.3079223632812,157.04190063476562,0.27017533779144287
389,6.489817,1,956.4050903320312,139.39349365234375,991.30810546875,157.1121826171875,0.2945783734321594
390,6.506500,1,957.0433959960938,139.65467834472656,991.4020385742188,157.25848388671875,0.34913790225982666
391,6.523183,1,957.3715209960938,140.28175354003906,991.1885375976562,157.30311584472656,0.3280092775821686
392,6.539867,1,957.4649047851562,140.2423553466797,991.2308349609375,157.55735778808594,0.39264214038848877
393,6.556550,1,627.2657470703125,822.819580078125,685.2010498046875,877.084716796875,0.46387213468551636
394,6.573233,1,625.1382446289062,822.9915161132812,672.6380004882812,879.0377197265625,0.5047863721847534
395,6.589917,1,623.59423828125,822.1512451171875,676.0430908203125,883.3377685546875,0.6569183468818665
396,6.606600,1,621.2158203125,824.03564453125,667.1195068359375,877.4339599609375,0.7342025637626648
397,6.623283,1,619.249755859375,823.9323120117188,664.0741577148438,876.5809936523438,0.7995336651802063
398,6.639967,1,618.2872924804688,823.1337890625,662.8566284179688,877.57177734375,0.7305434346199036
399,6.656650,1,617.7977294921875,823.7391967773438,661.7520141601562,877.0591430664062,0.7407761812210083
400,6.673333,1,617.8603515625,823.7444458007812,661.344970703125,876.3652954101562,0.7640147805213928
401,6.690017,1,617.8641357421875,824.03759765625,661.0357666015625,876.4013671875,0.8030690550804138
402,6.706700,1,619.0543823242188,824.183349609375,660.2953491210938,876.1453857421875,0.8186620473861694
403,6.723383,1,622.1793823242188,824.0996704101562,660.2061767578125,876.1710205078125,0.8195700645446777
404,6.740067,1,624.5341796875,824.3995971679688,660.1769409179688,876.112060546875,0.7740002870559692
405,6.756750,1,625.1697387695312,825.1483154296875,660.6813354492188,876.6558837890625,0.7387300729751587
406,6.773433,1,629.7628784179688,824.4395141601562,661.0723876953125,879.1056518554688,0.6768940687179565
407,6.790117,1,629.6683959960938,825.9559936523438,664.7957763671875,881.2791137695312,0.7066470980644226
408,6.806800,1,630.4282836914062,827.0213012695312,663.8712158203125,885.9058227539062,0.6957306861877441
409,6.823483,1,633.50244140625,828.375732421875,662.9342651367188,886.7208251953125,0.6948168873786926
410,6.840167,1,637.9469604492188,830.9599609375,661.415771484375,881.7171630859375,0.6080788969993591
411,6.856850,1,638.4588012695312,841.3604736328125,666.4229736328125,903.9651489257812,0.5613304972648621
412,6.873533,1,639.5597534179688,846.50390625,667.358642578125,905.8414306640625,0.628094494342804
413,6.890217,1,644.3703002929688,855.7877807617188,664.3496704101562,904.116455078125,0.5485812425613403
414,6.906900,1,646.4723510742188,863.2937622070312,665.201904296875,905.7207641601562,0.5048250555992126
415,6.923583,1,653.5592651367188,883.7078247070312,683.7050170898438,911.4003295898438,0.37880557775497437
416,6.940267,1,658.0753784179688,880.4309692382812,683.737548828125,917.2413940429688,0.1691417545080185
417,6.956950,1,654.9989013671875,884.5545654296875,686.1832275390625,945.5559692382812,0.21417829394340515
418,6.973633,1,652.4328002929688,874.4835205078125,686.7277221679688,934.4794921875,0.4513748288154602
419,6.990317,1,646.8873291015625,880.2360229492188,680.4397583007812,948.9990844726562,0.3069690465927124
420,7.007000,1,642.7760620117188,864.6480102539062,678.7396240234375,926.5490112304688,0.392379492521286
421,7.023683,1,640.4183959960938,882.5090942382812,673.1226806640625,925.5614013671875,0.30686289072036743
422,7.040367,1,635.2138671875,886.8069458007812,676.223876953125,946.7860717773438,0.3989964425563812
423,7.057050,1,628.3549194335938,861.5698852539062,663.94189453125,968.78125,0.5288769602775574
424,7.073733,1,677.4691772460938,932.23095703125,717.0349731445312,987.96533203125,0.3605716824531555
425,7.090417,1,678.70751953125,928.8988037109375,709.2886962890625,983.4521484375,0.31379786133766174
426,7.107100,1,676.7118530273438,927.70458984375,703.20166015625,982.013671875,0.1434595137834549
427,7.123783,0,,,,,
428,7.140467,0,,,,,
429,7.157150,1,597.7821655273438,753.78271484375,618.3777465820312,790.6031494140625,0.19172775745391846
430,7.173833,1,608.1229248046875,724.2203979492188,631.5762939453125,762.3253784179688,0.2454368621110916
431,7.190517,1,623.4044189453125,695.2584838867188,642.5426025390625,729.37744140625,0.2656952440738678
432,7.207200,0,,,,,
433,7.223883,1,704.3807373046875,720.2587280273438,727.7294311523438,785.8076171875,0.3694377839565277
434,7.240567,1,707.439208984375,723.7838745117188,730.4231567382812,789.0961303710938,0.6453807950019836
435,7.257250,1,701.0169067382812,729.17919921875,728.2281494140625,802.1449584960938,0.7569443583488464
436,7.273933,1,639.138427734375,905.4043579101562,654.2479248046875,947.8679809570312,0.15102985501289368
437,7.290617,1,639.9141235351562,909.6154174804688,656.4522094726562,942.3975219726562,0.11868050694465637
438,7.307300,0,,,,,
439,7.323983,1,678.96044921875,818.34228515625,722.9788208007812,855.6309814453125,0.30705586075782776
440,7.340667,1,677.7763061523438,825.2725219726562,718.6155395507812,856.216064453125,0.12715688347816467
441,7.357350,1,634.4159545898438,917.3052978515625,656.252197265625,958.7984619140625,0.2823406755924225
442,7.374033,1,639.2018432617188,812.9676513671875,713.6840209960938,886.5086669921875,0.16006332635879517
443,7.390717,1,638.219482421875,833.28662109375,715.3162231445312,898.42236328125,0.23699921369552612
444,7.407400,1,653.6954956054688,976.9535522460938,680.0167236328125,1020.550048828125,0.15523368120193481
445,7.424083,1,660.0726318359375,969.7996215820312,682.3150634765625,1025.0966796875,0.28913959860801697
446,7.440767,1,660.1832885742188,967.6544189453125,685.4087524414062,1029.5166015625,0.24256867170333862
447,7.457450,1,679.90966796875,873.0769653320312,711.0526123046875,924.6273803710938,0.141574427485466
448,7.474133,1,675.566162109375,870.1708984375,711.3676147460938,929.3341064453125,0.39975544810295105
449,7.490817,1,678.9644165039062,873.3140869140625,711.3370361328125,936.7203979492188,0.22379140555858612
450,7.507500,1,682.5988159179688,901.5439453125,708.0204467773438,944.215576171875,0.20503780245780945
451,7.524183,1,682.8974609375,897.8163452148438,707.8280639648438,951.3743286132812,0.2629297077655792
452,7.540867,1,682.3839721679688,914.1185302734375,707.743896484375,956.2538452148438,0.22641099989414215
453,7.557550,1,681.4825439453125,900.3878784179688,709.64013671875,962.5977783203125,0.2090638428926468
454,7.574233,1,706.4317626953125,852.7269287109375,734.2725219726562,913.174072265625,0.23692478239536285
455,7.590917,1,710.5664672851562,853.453125,746.9092407226562,919.3377685546875,0.4331882894039154
456,7.607600,1,710.461181640625,853.008544921875,759.9804077148438,919.9119873046875,0.5621369481086731
457,7.624283,1,712.3660278320312,852.6346435546875,766.295166015625,925.9242553710938,0.5618041753768921
458,7.640967,1,718.857666015625,859.2244262695312,763.2904052734375,923.9033203125,0.6596642136573792
459,7.657650,1,721.8132934570312,868.5706787109375,764.8460083007812,928.5639038085938,0.7429075241088867
460,7.674333,1,727.5293579101562,872.51953125,768.5980834960938,926.0185546875,0.4706448018550873
461,7.691017,1,732.8712768554688,881.246337890625,772.8279418945312,926.1692504882812,0.557052493095398
462,7.707700,1,736.090576171875,861.9243774414062,793.978271484375,912.9075317382812,0.481516569852829
463,7.724383,1,745.2422485351562,871.6600952148438,794.6514282226562,916.6425170898438,0.49339738488197327
464,7.741067,1,746.743408203125,876.1869506835938,792.2197265625,913.8658447265625,0.6326722502708435
465,7.757750,1,756.9786987304688,879.7308349609375,789.1324462890625,916.3305053710938,0.538877546787262
466,7.774433,1,756.726806640625,886.7058715820312,785.405517578125,925.1323852539062,0.5706066489219666
467,7.791117,1,752.5841674804688,888.2025146484375,780.763427734375,920.3388061523438,0.5346450209617615
468,7.807800,1,969.5623168945312,141.75685119628906,990.8442993164062,157.5382080078125,0.2598987817764282
469,7.824483,1,969.8746948242188,141.38954162597656,990.5289916992188,157.63046264648438,0.2636191248893738
470,7.841167,1,967.49560546875,141.94342041015625,990.3226318359375,157.72683715820312,0.43272125720977783
471,7.857850,1,967.8497924804688,141.79568481445312,990.1064453125,157.83807373046875,0.5638154149055481
472,7.874533,1,967.411376953125,141.47914123535156,990.0670166015625,157.6703338623047,0.5784087181091309
473,7.891217,1,967.557373046875,141.35728454589844,990.1209106445312,157.4744415283203,0.5483366250991821
474,7.907900,1,966.2471923828125,141.07505798339844,990.147216796875,157.5098876953125,0.5427170991897583
475,7.924583,1,965.2302856445312,141.11647033691406,990.2532958984375,157.26724243164062,0.5413247346878052
476,7.941267,1,963.9862060546875,141.00338745117188,990.1452026367188,157.18972778320312,0.5170861482620239
477,7.957950,1,962.28955078125,140.9059295654297,990.1917114257812,157.27459716796875,0.6120754480361938
478,7.974633,1,961.0768432617188,140.6798553466797,990.2755737304688,157.35659790039062,0.6379626393318176
479,7.991317,1,960.4764404296875,140.2781982421875,990.22119140625,157.1103057861328,0.6323965787887573
480,8.008000,1,960.4788818359375,139.72727966308594,990.3237915039062,156.91342163085938,0.6154295206069946
481,8.024683,1,960.2206420898438,139.91641235351562,990.3140258789062,157.06680297851562,0.6231174468994141
482,8.041367,1,959.818359375,139.83004760742188,990.315673828125,157.0387725830078,0.6013192534446716
483,8.058050,1,959.260986328125,139.9130096435547,990.378662109375,157.05006408691406,0.5662533640861511
484,8.074733,1,958.5521850585938,139.9281005859375,990.3729858398438,156.82814025878906,0.5046097040176392
485,8.091417,1,957.9083862304688,140.0697021484375,990.3131103515625,156.86288452148438,0.5243440866470337
486,8.108100,1,957.6194458007812,140.16079711914062,990.2598266601562,156.79940795898438,0.4945610463619232
487,8.124783,1,957.2581787109375,140.22560119628906,990.2076416015625,156.85153198242188,0.4819413721561432
488,8.141467,1,956.6563110351562,140.13275146484375,990.2224731445312,156.79571533203125,0.45430827140808105
489,8.158150,1,956.1337280273438,140.18417358398438,990.1972045898438,156.78836059570312,0.41841915249824524
490,8.174833,1,955.7265014648438,140.280029296875,990.2737426757812,156.77627563476562,0.38872650265693665
491,8.191517,1,955.7565307617188,140.3184356689453,990.2074584960938,156.83474731445312,0.36135032773017883
492,8.208200,1,955.7171630859375,140.39894104003906,990.287841796875,156.88270568847656,0.33340317010879517
493,8.224883,1,954.3739013671875,140.39822387695312,990.380126953125,156.77590942382812,0.2963261902332306
494,8.241567,1,783.6926879882812,889.7468872070312,846.3279418945312,940.8340454101562,0.28350821137428284
495,8.258250,1,783.7970581054688,886.2090454101562,862.2251586914062,941.0176391601562,0.27008745074272156
496,8.274933,1,952.2156982421875,139.68502807617188,990.416259765625,156.99147033691406,0.23876599967479706
497,8.291617,1,952.0389404296875,139.43101501464844,990.5537109375,156.9908447265625,0.2537674009799957
498,8.308300,1,951.3197021484375,138.8136444091797,990.7582397460938,157.17298889160156,0.28368470072746277
499,8.324983,1,956.32421875,140.27783203125,993.093994140625,158.314453125,0.3113195300102234
500,8.341667,1,954.4371337890625,140.01498413085938,993.039794921875,158.50003051757812,0.3181515336036682
501,8.358350,1,952.4271850585938,140.33578491210938,992.9940185546875,158.93093872070312,0.24534070491790771
502,8.375033,1,950.2619018554688,137.89503479003906,990.9395141601562,156.95594787597656,0.2085014283657074
503,8.391717,1,963.0892333984375,139.59278869628906,992.7164306640625,157.78758239746094,0.19144481420516968
504,8.408400,1,818.22216796875,926.4168090820312,854.269775390625,1004.7423706054688,0.3056062161922455
505,8.425083,1,821.9998168945312,924.0673828125,860.7756958007812,1000.3857421875,0.4672127664089203
506,8.441767,1,821.6459350585938,910.6163330078125,883.06591796875,999.0020751953125,0.3110608160495758
507,8.458450,1,824.792724609375,911.926025390625,868.4782104492188,989.6949462890625,0.35460928082466125
508,8.475133,1,824.7493896484375,908.4192504882812,867.93408203125,985.8054809570312,0.3525124788284302
509,8.491817,1,831.7005615234375,900.4519653320312,872.66748046875,984.6013793945312,0.31189465522766113
510,8.508500,1,831.8439331054688,903.074951171875,871.9290161132812,986.4132080078125,0.26815831661224365
511,8.525183,1,950.716796875,138.305419921875,993.1646728515625,158.12667846679688,0.2419290691614151
512,8.541867,1,949.4148559570312,137.65771484375,993.4275512695312,158.51234436035156,0.3591674566268921
513,8.558550,1,949.9282836914062,137.86512756347656,993.3425903320312,158.49671936035156,0.3265954852104187
514,8.575233,1,949.9867553710938,137.64886474609375,993.3052978515625,158.52952575683594,0.33435362577438354
515,8.591917,1,949.4758911132812,137.99075317382812,993.1095581054688,158.1415252685547,0.31652581691741943
516,8.608600,1,945.8472900390625,137.3069305419922,993.219970703125,158.3091278076172,0.28882652521133423
517,8.625283,1,952.169189453125,137.9649200439453,992.8251953125,158.04055786132812,0.1641460359096527
518,8.641967,1,951.2243041992188,137.6237335205078,990.6123046875,156.5414581298828,0.1635940968990326
519,8.658650,1,959.544677734375,138.94239807128906,992.6468505859375,157.57691955566406,0.19763292372226715
520,8.675333,1,964.458251953125,138.7623748779297,992.458740234375,157.1305389404297,0.17341990768909454
521,8.692017,1,959.3816528320312,138.2991943359375,992.9564208984375,157.1539764404297,0.24104300141334534
522,8.708700,1,948.8969116210938,135.95187377929688,993.364990234375,159.3507537841797,0.29661160707473755
523,8.725383,1,949.2171020507812,135.1327362060547,993.5526123046875,164.16439819335938,0.3700229823589325
524,8.742067,1,949.4080810546875,135.94830322265625,992.652099609375,169.2643585205078,0.38013872504234314
525,8.758750,1,950.236083984375,136.2163543701172,990.2039794921875,161.9507293701172,0.23583750426769257
526,8.775433,1,949.6947021484375,136.34835815429688,985.4692993164062,161.66958618164062,0.24254070222377777
527,8.792117,1,947.4398803710938,136.17343139648438,989.4966430664062,160.64112854003906,0.25794509053230286
528,8.808800,1,948.0159912109375,135.51809692382812,989.8837890625,159.9073486328125,0.17492930591106415
529,8.825483,1,947.8953247070312,134.1493682861328,990.6570434570312,159.19439697265625,0.2400803416967392
530,8.842167,1,948.8778686523438,133.7684783935547,991.0941162109375,160.0911407470703,0.2902434170246124
531,8.858850,1,948.421142578125,135.15069580078125,991.8343505859375,158.37423706054688,0.30559444427490234
532,8.875533,1,945.9210205078125,134.58485412597656,991.8834228515625,158.71084594726562,0.26512855291366577
533,8.892217,1,944.521728515625,134.3860321044922,991.31103515625,158.8842315673828,0.32846033573150635
534,8.908900,1,945.3021850585938,134.9794158935547,991.3890991210938,162.0102081298828,0.26181846857070923
535,8.925583,1,947.4413452148438,134.5517578125,991.2650756835938,166.20947265625,0.34613287448883057
536,8.942267,1,946.4763793945312,134.53968811035156,991.2324829101562,172.8616485595703,0.3907491862773895
537,8.958950,1,947.490966796875,133.37649536132812,991.3580932617188,180.08255004882812,0.334626168012619
538,8.975633,1,948.3016357421875,133.06964111328125,991.5374145507812,177.47799682617188,0.48146218061447144
539,8.992317,1,948.9486694335938,134.2575225830078,991.2432861328125,181.84255981445312,0.5595835447311401
540,9.009000,1,948.0093994140625,134.94871520996094,991.216064453125,179.8558807373047,0.4340212941169739
541,9.025683,1,947.8623046875,137.8476104736328,991.6664428710938,179.12303161621094,0.3866952061653137
542,9.042367,1,948.6929321289062,140.21725463867188,987.4446411132812,159.17074584960938,0.38411328196525574
543,9.059050,1,948.3231811523438,140.25967407226562,987.1373291015625,159.3196258544922,0.40049007534980774
544,9.075733,1,948.3290405273438,139.88888549804688,986.8976440429688,159.06089782714844,0.41998714208602905
545,9.092417,1,748.5921630859375,760.5001831054688,774.9609375,788.5059814453125,0.4733105003833771
546,9.109100,1,949.0843505859375,138.48988342285156,985.4556884765625,159.67616271972656,0.414265513420105
547,9.125783,1,741.6951293945312,764.5596923828125,771.6912841796875,791.1998901367188,0.5484321713447571
548,9.142467,1,738.5035400390625,763.6118774414062,771.046875,794.9463500976562,0.6338998079299927
549,9.159150,1,735.2045288085938,767.1747436523438,765.6326293945312,795.0785522460938,0.600531280040741
550,9.175833,1,731.5953369140625,768.1115112304688,765.5643310546875,801.6293334960938,0.6272690296173096
551,9.192517,1,727.906494140625,768.5337524414062,764.1807861328125,800.6834106445312,0.7097088098526001
552,9.209200,1,724.2611694335938,768.4014282226562,763.1361083984375,801.67041015625,0.7746399641036987
553,9.225883,1,721.5217895507812,769.5470581054688,761.8771362304688,803.7156372070312,0.784194827079773
554,9.242567,1,721.3093872070312,770.6188354492188,759.7919311523438,803.6204833984375,0.7588180303573608
555,9.259250,1,719.0836181640625,770.0388793945312,758.68359375,802.6349487304688,0.7502233982086182
556,9.275933,1,717.427734375,771.7840576171875,751.547607421875,802.754150390625,0.6800797581672668
557,9.292617,1,714.2044677734375,771.1463623046875,748.96630859375,804.3551025390625,0.6890254616737366
558,9.309300,1,709.2540893554688,768.6849975585938,749.363525390625,804.1345825195312,0.606669545173645
559,9.325983,1,708.1228637695312,772.0221557617188,747.2318115234375,808.428466796875,0.6905370950698853
560,9.342667,1,705.7289428710938,771.8128051757812,744.8472900390625,812.1296997070312,0.7463937401771545
561,9.359350,1,703.7317504882812,772.1947631835938,742.3551025390625,814.2182006835938,0.6851097345352173
562,9.376033,1,702.0724487304688,772.99658203125,738.989990234375,814.399658203125,0.6725078821182251
563,9.392717,1,701.1893920898438,773.0181884765625,737.101318359375,813.3570556640625,0.6384966969490051
564,9.409400,1,698.9107055664062,771.8184814453125,743.1744384765625,824.3677368164062,0.6223138570785522
565,9.426083,1,697.66552734375,772.5234375,733.4330444335938,806.8130493164062,0.603730320930481
566,9.442767,1,696.8311767578125,772.9686279296875,735.436767578125,807.1806030273438,0.5762524008750916
567,9.459450,1,695.8660278320312,772.6492309570312,738.5209350585938,807.6026000976562,0.5242618322372437
568,9.476133,1,695.4124755859375,772.8508911132812,731.989990234375,807.87109375,0.49123701453208923
569,9.492817,1,690.7626953125,772.2940063476562,728.5009155273438,825.5064697265625,0.5102693438529968
570,9.509500,1,688.2086791992188,769.0003051757812,728.9581909179688,827.256591796875,0.5286418199539185
571,9.526183,1,965.99560546875,140.9227294921875,991.0836181640625,156.85281372070312,0.3559269905090332
572,9.542867,1,966.6926879882812,140.70361328125,991.0863647460938,156.78932189941406,0.3377665579319
573,9.559550,1,967.0856323242188,140.43951416015625,991.0903930664062,156.77935791015625,0.299496054649353
574,9.576233,1,968.8011474609375,140.01966857910156,991.5794677734375,156.95687866210938,0.1909111738204956
575,9.592917,1,968.9423217773438,140.13011169433594,991.663330078125,157.23500061035156,0.16926215589046478
576,9.609600,1,971.6854248046875,142.60745239257812,992.7813720703125,156.76951599121094,0.17721891403198242
577,9.626283,1,972.3927612304688,142.75338745117188,992.7269897460938,156.8018798828125,0.17266348004341125
578,9.642967,1,973.2006225585938,143.12379455566406,992.7178344726562,156.94358825683594,0.12797322869300842
579,9.659650,1,972.8200073242188,143.63372802734375,992.4857177734375,157.00949096679688,0.12688596546649933
580,9.676333,1,971.6431884765625,141.83383178710938,991.3453369140625,158.44781494140625,0.1057705283164978
581,9.693017,0,,,,,
582,9.709700,1,727.6104125976562,875.5150146484375,761.2531127929688,911.65673828125,0.11031919717788696
583,9.726383,1,646.3888549804688,787.7606201171875,685.447021484375,817.6663208007812,0.21920064091682434
584,9.743067,1,644.2977294921875,785.085205078125,683.7740478515625,818.3970336914062,0.32596510648727417
585,9.759750,1,642.1357421875,783.2000122070312,684.7372436523438,818.7433471679688,0.31645467877388
586,9.776433,1,640.466796875,782.665283203125,681.0276489257812,816.99169921875,0.23251323401927948
587,9.793117,1,684.9246215820312,746.6076049804688,709.330078125,776.1243896484375,0.22775676846504211
588,9.809800,1,682.9645385742188,744.162109375,707.200927734375,776.0464477539062,0.4039725065231323
589,9.826483,1,679.9827880859375,723.5101318359375,705.8223266601562,769.2211303710938,0.18731045722961426
590,9.843167,1,672.5542602539062,738.5679931640625,704.25341796875,775.0574340820312,0.1612871140241623
591,9.859850,1,667.029052734375,717.65185546875,704.17431640625,768.2884521484375,0.3037041127681732
592,9.876533,1,661.9343872070312,730.5352172851562,703.429931640625,766.2770385742188,0.44119730591773987
593,9.893217,1,657.8235473632812,724.6610107421875,701.3214111328125,767.8635864257812,0.39334771037101746
594,9.909900,1,645.796875,731.4970092773438,698.8523559570312,767.85791015625,0.4205540418624878
595,9.926583,1,643.4362182617188,732.1986694335938,697.0438842773438,769.906005859375,0.5486900806427002
596,9.943267,1,640.8630981445312,734.1617431640625,696.3535766601562,768.1090087890625,0.4879909157752991
597,9.959950,1,640.1990356445312,735.0972290039062,695.3509521484375,767.4631958007812,0.5169729590415955
598,9.976633,1,638.9385375976562,740.103515625,694.1376953125,775.3053588867188,0.541192352771759
599,9.993317,1,636.0675659179688,747.1172485351562,692.1219482421875,774.1176147460938,0.47314029932022095
600,10.010000,0,,,,,
601,10.026683,0,,,,,
602,10.043367,0,,,,,
603,10.060050,0,,,,,
604,10.076733,1,595.9320068359375,779.6539306640625,616.2631225585938,803.5198974609375,0.16049502789974213
605,10.093417,0,,,,,
606,10.110100,1,586.2149658203125,792.0081176757812,608.529296875,811.3834228515625,0.17269182205200195
607,10.126783,1,579.6929321289062,798.0029296875,603.49755859375,823.6488647460938,0.2397046834230423
608,10.143467,1,578.6574096679688,809.4666748046875,601.3712158203125,824.5501708984375,0.18544615805149078
609,10.160150,1,577.1019897460938,798.3856811523438,602.6727905273438,824.6419067382812,0.15822505950927734
610,10.176833,1,590.1782836914062,772.9290161132812,618.1884155273438,806.8602905273438,0.10084452480077744
611,10.193517,0,,,,,
612,10.210200,0,,,,,
613,10.226883,1,639.2797241210938,702.5736694335938,660.8180541992188,729.4652099609375,0.19187545776367188
614,10.243567,1,654.78173828125,679.6185302734375,675.2210693359375,704.442138671875,0.2602725327014923
615,10.260250,1,668.6190185546875,659.3298950195312,687.6854248046875,686.052978515625,0.2265499383211136
616,10.276933,1,629.370361328125,843.9010620117188,668.4766845703125,932.5944213867188,0.1370822638273239
617,10.293617,1,676.3756713867188,749.0037841796875,738.5311889648438,776.7759399414062,0.14240065217018127
618,10.310300,0,,,,,
619,10.326983,0,,,,,
620,10.343667,1,641.910888671875,886.3220825195312,663.6837768554688,912.45654296875,0.1118868738412857
621,10.360350,0,,,,,
622,10.377033,1,718.8455200195312,741.967529296875,751.30810546875,755.967041015625,0.11744550615549088
623,10.393717,1,717.0091552734375,740.2044677734375,747.4795532226562,757.1928100585938,0.11031468212604523
624,10.410400,1,709.7195434570312,740.0174560546875,740.7621459960938,765.7957763671875,0.3642652630805969
625,10.427083,1,703.9193725585938,743.0731201171875,733.9058227539062,760.634033203125,0.35396626591682434
626,10.443767,0,,,,,
627,10.460450,0,,,,,
628,10.477133,0,,,,,
629,10.493817,0,,,,,
630,10.510500,0,,,,,
631,10.527183,0,,,,,
632,10.543867,0,,,,,
633,10.560550,0,,,,,
634,10.577233,0,,,,,
635,10.593917,0,,,,,
636,10.610600,0,,,,,
637,10.627283,0,,,,,
638,10.643967,0,,,,,
639,10.660650,0,,,,,
640,10.677333,0,,,,,
641,10.694017,0,,,,,
642,10.710700,0,,,,,
643,10.727383,0,,,,,
644,10.744067,0,,,,,
645,10.760750,0,,,,,
646,10.777433,0,,,,,
647,10.794117,0,,,,,
648,10.810800,0,,,,,
649,10.827483,0,,,,,
650,10.844167,0,,,,,
651,10.860850,0,,,,,
652,10.877533,0,,,,,
653,10.894217,0,,,,,
654,10.910900,0,,,,,
655,10.927583,0,,,,,
656,10.944267,0,,,,,
657,10.960950,0,,,,,
658,10.977633,0,,,,,
659,10.994317,0,,,,,
660,11.011000,1,950.143798828125,132.17648315429688,977.2816772460938,159.96514892578125,0.11928817629814148
661,11.027683,1,950.1546020507812,132.63563537597656,977.1784057617188,157.889404296875,0.1536424458026886
662,11.044367,1,950.0658569335938,131.77919006347656,976.7225341796875,157.6606903076172,0.14931365847587585
663,11.061050,1,950.1567993164062,131.9478759765625,976.8854370117188,157.48760986328125,0.15961295366287231
664,11.077733,1,949.6019897460938,131.17567443847656,974.7731323242188,156.2288055419922,0.12751822173595428
665,11.094417,1,949.5380859375,131.42117309570312,974.8802490234375,156.1346893310547,0.13040149211883545
666,11.111100,1,949.5100708007812,131.75677490234375,974.7559204101562,156.28402709960938,0.13345512747764587
667,11.127783,1,949.553466796875,131.54942321777344,973.9010009765625,156.28550720214844,0.13212256133556366
668,11.144467,1,727.7054443359375,869.2699584960938,769.000732421875,962.6065063476562,0.1772467941045761
669,11.161150,1,949.1116333007812,132.0973358154297,974.8656005859375,156.45103454589844,0.23250824213027954
670,11.177833,1,949.09130859375,132.1658172607422,974.9930419921875,156.6531524658203,0.25851553678512573
671,11.194517,1,949.1156616210938,131.82847595214844,974.9924926757812,156.4796905517578,0.24907706677913666
672,11.211200,1,949.1871337890625,131.95101928710938,973.9739379882812,156.5951385498047,0.2996024787425995
673,11.227883,1,949.122802734375,131.98440551757812,973.693359375,156.84628295898438,0.365105003118515
674,11.244567,1,949.0394897460938,132.2343292236328,973.2833862304688,156.92669677734375,0.3660251796245575
675,11.261250,1,948.9605712890625,132.47183227539062,973.7501220703125,157.04330444335938,0.3826819062232971
676,11.277933,1,948.8858642578125,132.4323272705078,973.9471435546875,157.30999755859375,0.3911449611186981
677,11.294617,1,948.898681640625,132.3790740966797,974.7645263671875,157.3037872314453,0.388641893863678
678,11.311300,1,948.98291015625,132.3563690185547,974.4803466796875,157.2365264892578,0.4277196526527405
679,11.327983,1,948.9662475585938,132.34918212890625,975.1931762695312,157.35791015625,0.41918274760246277
680,11.344667,1,948.0919189453125,142.46913146972656,974.6442260742188,159.66896057128906,0.4400072395801544
681,11.361350,1,948.1132202148438,141.9470672607422,975.2278442382812,159.70242309570312,0.44689056277275085
682,11.378033,1,948.0875854492188,142.30453491210938,975.4966430664062,159.8032684326172,0.45168066024780273
683,11.394717,1,948.0505981445312,143.16334533691406,975.8238525390625,159.5841522216797,0.4140545129776001
684,11.411400,1,948.0598754882812,143.55752563476562,976.1070556640625,159.53750610351562,0.39302390813827515
685,11.428083,1,948.7937622070312,132.57359313964844,981.4215087890625,158.2633819580078,0.40185409784317017
686,11.444767,1,948.1381225585938,142.7698516845703,978.0454711914062,159.70779418945312,0.36815544962882996
687,11.461450,1,948.2971801757812,142.36529541015625,978.2669677734375,159.50547790527344,0.3790738880634308
688,11.478133,1,949.2544555664062,132.17105102539062,983.6936645507812,157.83895874023438,0.3060556948184967
689,11.494817,1,948.518798828125,142.5753936767578,981.6204223632812,159.76585388183594,0.32776862382888794
690,11.511500,1,948.4191284179688,142.52760314941406,981.6509399414062,159.2473602294922,0.32083502411842346
691,11.528183,1,948.4246826171875,141.54441833496094,982.1367797851562,159.7126007080078,0.3299127221107483
692,11.544867,1,949.3135986328125,131.7954559326172,984.973388671875,157.49386596679688,0.3399907350540161
693,11.561550,1,949.3364868164062,131.83485412597656,987.3136596679688,157.54098510742188,0.36462074518203735
694,11.578233,1,949.248779296875,131.846923828125,982.2059326171875,157.2489471435547,0.29227760434150696
695,11.594917,1,949.292724609375,131.87179565429688,983.1868286132812,157.19935607910156,0.2933734655380249
696,11.611600,1,949.4972534179688,131.44036865234375,978.7205200195312,156.95712280273438,0.2597896456718445
697,11.628283,1,949.2119750976562,131.8712921142578,988.4829711914062,157.42169189453125,0.30959638953208923
698,11.644967,1,949.0230712890625,132.14547729492188,989.1288452148438,157.76976013183594,0.3833070695400238
699,11.661650,1,948.9270629882812,132.3265838623047,990.7640991210938,157.888427734375,0.4227319359779358
700,11.678333,1,948.8779907226562,132.17803955078125,990.3563232421875,158.09451293945312,0.44633379578590393
701,11.695017,1,948.9072875976562,131.89752197265625,990.9651489257812,157.9994354248047,0.4166886806488037
702,11.711700,1,948.9136962890625,131.6975555419922,991.6673583984375,158.02450561523438,0.37438759207725525
703,11.728383,1,948.9786987304688,131.85655212402344,992.0322875976562,157.7186737060547,0.3111391067504883
704,11.745067,1,948.9600219726562,131.863037109375,992.4400634765625,157.5607147216797,0.287535697221756
705,11.761750,1,948.8897094726562,131.96820068359375,992.58837890625,157.51004028320312,0.34302112460136414
706,11.778433,1,948.9122924804688,131.9672393798828,992.4893798828125,157.53810119628906,0.3157251477241516
707,11.795117,1,948.8690795898438,132.00682067871094,990.9141235351562,157.3579559326172,0.33822861313819885
708,11.811800,1,948.7183227539062,132.3491668701172,990.6253051757812,157.4761505126953,0.3781142234802246
709,11.828483,1,948.819580078125,132.20230102539062,987.99462890625,157.6906280517578,0.3887522518634796
710,11.845167,1,948.8114013671875,131.9158935546875,985.5819091796875,157.2975616455078,0.3150271773338318
711,11.861850,1,948.90966796875,131.90472412109375,983.4298095703125,157.2466278076172,0.2934710681438446
712,11.878533,1,948.8787231445312,131.81639099121094,983.2465209960938,157.28550720214844,0.32688286900520325
713,11.895217,1,948.9288940429688,132.10255432128906,982.2742309570312,157.22467041015625,0.29898011684417725
714,11.911900,1,948.9457397460938,131.82240295410156,980.6493530273438,157.1281280517578,0.2865331768989563
715,11.928583,1,948.9144287109375,131.70924377441406,982.45751953125,157.08042907714844,0.25021302700042725
716,11.945267,1,948.8746948242188,131.6358642578125,983.9580688476562,157.01776123046875,0.24822832643985748
717,11.961950,1,948.8787231445312,131.4983367919922,984.1309204101562,157.1598358154297,0.32265886664390564
718,11.978633,1,948.891357421875,131.3798370361328,980.0656127929688,157.03350830078125,0.25475355982780457
719,11.995317,1,951.5121459960938,139.45481872558594,988.1281127929688,157.53936767578125,0.17132335901260376
720,12.012000,1,948.6168823242188,131.333740234375,983.3889770507812,158.2505645751953,0.13361014425754547
721,12.028683,1,972.5654296875,141.0266876220703,988.447998046875,157.67770385742188,0.11289209872484207
722,12.045367,1,972.8582153320312,141.18722534179688,988.6210327148438,157.18482971191406,0.12468432635068893
723,12.062050,1,971.9827880859375,140.5570831298828,988.89697265625,156.60801696777344,0.10992772877216339
724,12.078733,1,949.3928833007812,132.61386108398438,982.1978759765625,156.80096435546875,0.13405312597751617
725,12.095417,1,949.3771362304688,133.31983947753906,982.5862426757812,156.6741485595703,0.20460949838161469
726,12.112100,1,949.3302612304688,134.08602905273438,982.5712280273438,156.6891326904297,0.20361945033073425
727,12.128783,1,949.3573608398438,134.81776428222656,984.1492309570312,156.81361389160156,0.19843366742134094
728,12.145467,1,949.24951171875,134.53175354003906,983.8884887695312,157.29180908203125,0.2576904892921448
729,12.162150,1,949.4382934570312,135.1396484375,984.3151245117188,157.3802490234375,0.2142093926668167
730,12.178833,1,949.653076171875,133.77828979492188,983.2298583984375,157.99014282226562,0.15184547007083893
731,12.195517,1,949.8563232421875,133.9968719482422,983.3909912109375,157.32455444335938,0.13466565310955048
732,12.212200,1,949.9857788085938,133.55882263183594,981.2539672851562,157.13592529296875,0.18569114804267883
733,12.228883,1,950.0725708007812,133.06219482421875,982.5778198242188,156.9532928466797,0.24572375416755676
734,12.245567,1,949.8239135742188,133.936767578125,982.0559692382812,156.5799560546875,0.284478098154068
735,12.262250,1,877.9264526367188,875.4650268554688,908.502685546875,910.26220703125,0.34828490018844604
736,12.278933,1,949.5933837890625,135.63113403320312,983.1551513671875,156.748046875,0.3562389016151428
737,12.295617,1,949.4785766601562,135.1287841796875,983.1557006835938,156.3074493408203,0.4117142856121063
738,12.312300,1,949.4697875976562,136.0524139404297,982.4317016601562,156.2723388671875,0.4691542685031891
739,12.328983,1,949.5465087890625,136.22763061523438,982.6036376953125,156.69772338867188,0.48715758323669434
740,12.345667,1,897.4656372070312,877.3815307617188,947.5709838867188,930.7216186523438,0.5250649452209473
741,12.362350,1,903.0952758789062,877.6983032226562,952.6796875,927.4246215820312,0.679146945476532
742,12.379033,1,912.941162109375,875.3295288085938,957.427001953125,922.0146484375,0.40776631236076355
743,12.395717,1,948.7626953125,146.69639587402344,978.8126831054688,163.08909606933594,0.4081495404243469
744,12.412400,1,949.1682739257812,145.49053955078125,978.8112182617188,164.13011169433594,0.38298550248146057
745,12.429083,1,925.519775390625,878.931396484375,968.978759765625,913.4780883789062,0.33215293288230896
746,12.445767,1,948.412353515625,133.15390014648438,976.0508422851562,158.6399383544922,0.243585467338562
747,12.462450,1,948.6000366210938,131.37710571289062,976.7224731445312,159.83425903320312,0.1544024646282196
748,12.479133,1,948.64599609375,129.84031677246094,976.40185546875,162.58590698242188,0.185970276594162
749,12.495817,1,948.1796264648438,129.7881317138672,975.5520629882812,163.49899291992188,0.16423749923706055
750,12.512500,1,947.096923828125,149.1255340576172,973.8416748046875,167.73326110839844,0.26410743594169617
751,12.529183,1,947.2354125976562,150.39382934570312,970.627685546875,168.2272491455078,0.30907776951789856
752,12.545867,1,996.5044555664062,871.7847290039062,1025.2662353515625,891.3195190429688,0.17344476282596588
753,12.562550,1,1002.7333984375,869.2301025390625,1037.33154296875,895.233642578125,0.25285014510154724
754,12.579233,1,1002.2223510742188,874.3580932617188,1047.2236328125,906.48046875,0.38007786870002747
755,12.595917,1,1010.8304443359375,869.32568359375,1055.4775390625,907.6331787109375,0.46369418501853943
756,12.612600,1,1008.8765258789062,877.5879516601562,1056.931640625,910.6439819335938,0.16991254687309265
757,12.629283,1,1028.723388671875,887.2677612304688,1066.5068359375,915.0287475585938,0.21861456334590912
758,12.645967,0,,,,,
759,12.662650,0,,,,,
760,12.679333,1,946.3013305664062,150.85626220703125,960.0419311523438,168.82156372070312,0.1046009212732315
761,12.696017,0,,,,,
762,12.712700,0,,,,,
763,12.729383,0,,,,,
764,12.746067,0,,,,,
765,12.762750,0,,,,,
766,12.779433,0,,,,,
767,12.796117,1,973.8876953125,144.638916015625,992.3947143554688,157.5680389404297,0.133926659822464
768,12.812800,1,971.4537963867188,141.987060546875,991.6986694335938,158.041015625,0.18336327373981476
769,12.829483,1,968.841064453125,142.13790893554688,991.6593017578125,157.40780639648438,0.21607452630996704
770,12.846167,1,967.9940185546875,142.70965576171875,991.1180419921875,157.4425506591797,0.2816726565361023
771,12.862850,1,968.865966796875,142.64173889160156,990.901611328125,157.00498962402344,0.2624191641807556
772,12.879533,1,967.6744995117188,142.3614044189453,991.1892700195312,157.30697631835938,0.2940788269042969
773,12.896217,1,964.6749267578125,142.0003662109375,990.879150390625,156.9380645751953,0.33740049600601196
774,12.912900,1,962.0114135742188,142.00753784179688,990.7604370117188,157.0725860595703,0.477685809135437
775,12.929583,1,959.2102661132812,140.632568359375,990.7025756835938,157.14808654785156,0.5624507069587708
776,12.946267,1,955.0307006835938,139.61129760742188,991.5097045898438,158.9065399169922,0.594436526298523
777,12.962950,1,954.8580322265625,140.40472412109375,991.50732421875,158.26734924316406,0.59285569190979
778,12.979633,1,953.2862548828125,140.37228393554688,991.2623291015625,157.17678833007812,0.5749422311782837
779,12.996317,1,951.3872680664062,140.44529724121094,991.4586181640625,157.2838134765625,0.5060509443283081
780,13.013000,1,951.8032836914062,140.01197814941406,991.3786010742188,157.17166137695312,0.5511608123779297
781,13.029683,1,952.0166625976562,137.9958953857422,991.2682495117188,157.02755737304688,0.5529281497001648
782,13.046367,1,951.8893432617188,137.4492645263672,991.4815063476562,156.98109436035156,0.48017582297325134
783,13.063050,1,951.2911376953125,137.35214233398438,991.628173828125,156.95700073242188,0.4146522879600525
784,13.079733,1,950.41259765625,136.9895782470703,991.8138427734375,156.88856506347656,0.3824651837348938
785,13.096417,1,950.1236572265625,136.4016571044922,991.884521484375,157.01673889160156,0.3129321336746216
786,13.113100,1,949.7301635742188,135.99339294433594,992.1992797851562,156.9942169189453,0.20760366320610046
787,13.129783,1,948.5414428710938,137.49615478515625,992.712158203125,158.1627197265625,0.1725662797689438
788,13.146467,1,949.113525390625,136.42630004882812,992.6799926757812,158.1470947265625,0.15698489546775818
789,13.163150,1,948.9834594726562,136.07473754882812,992.6786499023438,158.1844940185547,0.1164008155465126
790,13.179833,1,949.0015869140625,135.93597412109375,992.7139892578125,158.3419189453125,0.12908124923706055
791,13.196517,0,,,,,
792,13.213200,0,,,,,
793,13.229883,0,,,,,
794,13.246567,0,,,,,
795,13.263250,0,,,,,
796,13.279933,1,1046.287353515625,877.1530151367188,1112.0894775390625,911.80224609375,0.14434778690338135
797,13.296617,1,1043.94873046875,876.1071166992188,1107.234619140625,910.5210571289062,0.10724204033613205
798,13.313300,0,,,,,
799,13.329983,0,,,,,
800,13.346667,0,,,,,
801,13.363350,1,1041.5889892578125,881.8693237304688,1067.5726318359375,918.108642578125,0.11060003191232681
802,13.380033,1,1133.8065185546875,1040.57958984375,1171.4908447265625,1076.153564453125,0.14136150479316711
803,13.396717,1,1133.731689453125,1041.158203125,1171.0350341796875,1075.231689453125,0.11268164962530136
804,13.413400,0,,,,,
805,13.430083,1,1004.5775756835938,874.1856079101562,1036.41259765625,957.1858520507812,0.34793078899383545
806,13.446767,1,1000.0529174804688,874.0219116210938,1033.0821533203125,950.0604858398438,0.12024799734354019
807,13.463450,1,988.0435791015625,874.0984497070312,1021.2340087890625,948.4253540039062,0.7532996535301208
808,13.480133,1,981.9100341796875,875.5565795898438,1022.1917724609375,965.0301513671875,0.7502404451370239
809,13.496817,1,974.2600708007812,877.10693359375,1014.2003173828125,950.7076416015625,0.7072767019271851
810,13.513500,1,969.7516479492188,880.0525512695312,1010.2846069335938,953.010009765625,0.6471704244613647
811,13.530183,1,965.1209106445312,882.187744140625,1006.7938842773438,954.7667236328125,0.6564793586730957
812,13.546867,1,961.3905029296875,886.7825317382812,1002.3202514648438,942.7304077148438,0.7671356201171875
813,13.563550,1,959.92529296875,889.0825805664062,1000.9361572265625,946.479736328125,0.8428520560264587
814,13.580233,1,957.1102294921875,891.3798217773438,997.9537353515625,946.743408203125,0.8092071413993835
815,13.596917,1,955.3643798828125,892.743408203125,995.2713012695312,944.365234375,0.6945667862892151
816,13.613600,1,954.2713623046875,898.263671875,992.6466064453125,945.5757446289062,0.6527069211006165
817,13.630283,1,952.9160766601562,901.6411743164062,990.7885131835938,947.2408447265625,0.5496481657028198
818,13.646967,1,952.6658935546875,906.725830078125,989.0857543945312,952.8292236328125,0.42491379380226135
819,13.663650,1,951.120849609375,911.4087524414062,980.978759765625,952.5223388671875,0.3759687840938568
820,13.680333,1,948.6553344726562,916.9373168945312,978.7175903320312,957.1751098632812,0.5172911286354065
821,13.697017,1,947.3349609375,923.9805908203125,977.09765625,963.4793701171875,0.5699794292449951
822,13.713700,1,945.6445922851562,927.3392944335938,975.7681884765625,967.3489379882812,0.4940286874771118
823,13.730383,1,940.675048828125,930.0287475585938,967.998046875,967.9912719726562,0.33253416419029236
824,13.747067,1,938.756103515625,936.5440063476562,966.9157104492188,968.7449340820312,0.2983863651752472
825,13.763750,1,936.5180053710938,938.5645751953125,965.1264038085938,968.865966796875,0.4736851751804352
826,13.780433,1,950.4306030273438,138.59779357910156,992.010009765625,156.62368774414062,0.38454779982566833
827,13.797117,1,932.5693359375,941.7081298828125,957.277587890625,971.97216796875,0.412570595741272
828,13.813800,1,932.0193481445312,943.6142578125,953.37109375,971.0888671875,0.46905747056007385
829,13.830483,1,950.6455688476562,138.74038696289062,991.9889526367188,156.8968505859375,0.44070056080818176
830,13.847167,1,950.7463989257812,138.42532348632812,992.193603515625,157.03396606445312,0.48134133219718933
831,13.863850,1,952.4210815429688,139.2498321533203,992.0432739257812,157.18121337890625,0.5429301857948303
832,13.880533,1,953.3330078125,139.39706420898438,991.9047241210938,157.286865234375,0.5372857451438904
833,13.897217,1,954.5945434570312,139.1630859375,991.9361572265625,157.3827667236328,0.5498549938201904
834,13.913900,1,957.005859375,139.29786682128906,991.828125,157.12962341308594,0.539134681224823
835,13.930583,1,958.837158203125,139.853759765625,991.5050048828125,157.18345642089844,0.48478618264198303
836,13.947267,1,958.2767944335938,140.43600463867188,991.6862182617188,157.80538940429688,0.5636702179908752
837,13.963950,1,960.4495849609375,140.3429718017578,991.4105224609375,157.7205047607422,0.5841506123542786
838,13.980633,1,962.275634765625,140.71664428710938,991.8380126953125,159.7950439453125,0.49828216433525085
839,13.997317,1,963.101806640625,141.37469482421875,990.9327392578125,161.81031799316406,0.3390618562698364
840,14.014000,1,965.9874267578125,141.88601684570312,991.8580322265625,160.94546508789062,0.2027798593044281
841,14.030683,0,,,,,
842,14.047367,1,974.0469970703125,145.25299072265625,995.7169799804688,157.516845703125,0.280504047870636
843,14.064050,0,,,,,
844,14.080733,0,,,,,
845,14.097417,0,,,,,
846,14.114100,1,978.44091796875,135.59219360351562,1001.7557373046875,156.82876586914062,0.10317202657461166
847,14.130783,0,,,,,
848,14.147467,0,,,,,
849,14.164150,0,,,,,
850,14.180833,0,,,,,
851,14.197517,0,,,,,
852,14.214200,0,,,,,
853,14.230883,0,,,,,
854,14.247567,0,,,,,
855,14.264250,0,,,,,
856,14.280933,0,,,,,
857,14.297617,1,948.476806640625,130.72171020507812,969.8278198242188,156.72177124023438,0.17059914767742157
858,14.314300,1,948.0333251953125,130.81918334960938,971.035400390625,157.4867706298828,0.20680667459964752
859,14.330983,1,947.6165771484375,130.56216430664062,972.3123779296875,158.0720672607422,0.17791493237018585
860,14.347667,1,947.547607421875,130.77008056640625,973.0265502929688,158.10763549804688,0.23621004819869995
861,14.364350,1,947.7046508789062,130.91236877441406,973.1299438476562,157.9738311767578,0.3055077791213989
862,14.381033,1,947.63330078125,130.94676208496094,973.4517211914062,158.21707153320312,0.39998379349708557
863,14.397717,1,947.2276611328125,131.02447509765625,975.1263427734375,158.2544403076172,0.41328731179237366
864,14.414400,1,947.6121826171875,131.13223266601562,975.3431396484375,157.83688354492188,0.36137524247169495
865,14.431083,1,947.8773803710938,131.54891967773438,976.5511474609375,157.761474609375,0.32028666138648987
866,14.447767,1,948.0071411132812,131.78793334960938,976.6257934570312,157.75946044921875,0.3625207841396332
867,14.464450,1,947.9033203125,131.69581604003906,976.6768798828125,157.77220153808594,0.3388914167881012
868,14.481133,1,948.0128173828125,131.88368225097656,977.231689453125,157.78001403808594,0.33773288130760193
869,14.497817,1,947.9713134765625,131.8871612548828,977.5935668945312,157.93995666503906,0.28657978773117065
870,14.514500,1,844.8502807617188,936.2030639648438,870.3894653320312,960.3660278320312,0.3239186704158783
871,14.531183,1,844.8403930664062,933.9164428710938,870.2990112304688,958.9905395507812,0.3872355818748474
872,14.547867,1,845.042724609375,931.6434326171875,869.8824462890625,957.977294921875,0.4229084849357605
873,14.564550,1,842.6065673828125,930.290771484375,870.5750122070312,1001.8905029296875,0.6264079809188843
874,14.581233,1,842.1692504882812,929.2066040039062,868.8228149414062,998.185546875,0.5893258452415466
875,14.597917,1,841.53076171875,928.1954956054688,869.214111328125,995.6713256835938,0.4222140610218048
876,14.614600,1,841.4456176757812,926.8767700195312,868.4859008789062,995.3490600585938,0.41909700632095337
877,14.631283,1,948.6557006835938,144.84274291992188,977.6325073242188,159.39979553222656,0.317529559135437
878,14.647967,1,948.5059204101562,143.0038604736328,977.218505859375,159.4933319091797,0.2903939485549927
879,14.664650,1,948.5050048828125,142.11451721191406,978.084228515625,159.2383270263672,0.257467120885849
880,14.681333,1,947.8236694335938,131.0313262939453,978.1309204101562,157.9041748046875,0.2645485997200012
881,14.698017,1,947.7211303710938,131.04031372070312,976.3233032226562,157.7844696044922,0.3659169375896454
882,14.714700,1,947.8436279296875,131.2626953125,974.1221923828125,157.59271240234375,0.46762609481811523
883,14.731383,1,947.7257080078125,131.5052032470703,974.4525146484375,157.40762329101562,0.5000296831130981
884,14.748067,1,948.0349731445312,131.4254608154297,974.5918579101562,157.27120971679688,0.36227530241012573
885,14.764750,1,947.5155639648438,133.19210815429688,976.2186279296875,157.0868682861328,0.3444100022315979
886,14.781433,1,947.707275390625,133.80197143554688,976.4669189453125,156.92820739746094,0.365140825510025
887,14.798117,1,947.6131591796875,132.57818603515625,977.2117919921875,156.87442016601562,0.38242435455322266
888,14.814800,1,947.909912109375,134.32801818847656,977.6898193359375,156.8685760498047,0.3680853545665741
889,14.831483,1,947.7694702148438,133.34567260742188,977.7083129882812,157.0045928955078,0.3456380069255829
890,14.848167,1,947.6669921875,133.43455505371094,977.2288208007812,157.0406036376953,0.300624817609787
891,14.864850,1,947.6632690429688,133.70936584472656,978.1690063476562,156.94432067871094,0.29457518458366394
892,14.881533,1,947.8811645507812,133.5139617919922,978.0543823242188,156.87025451660156,0.28645849227905273
893,14.898217,1,947.883544921875,132.80064392089844,978.7529296875,156.67526245117188,0.3062498867511749
894,14.914900,1,947.716552734375,133.8416290283203,976.7427978515625,156.68312072753906,0.3288016617298126
895,14.931583,1,947.7039184570312,134.5122528076172,975.9915161132812,156.77220153808594,0.34764382243156433
896,14.948267,1,947.8009643554688,133.33140563964844,976.3496704101562,156.96075439453125,0.4061906635761261
897,14.964950,1,947.668212890625,132.37188720703125,978.416015625,157.30027770996094,0.38384589552879333
898,14.981633,1,947.7112426757812,131.47691345214844,977.7515258789062,156.935546875,0.33348348736763
899,14.998317,1,947.6215209960938,131.77610778808594,978.3704223632812,156.95260620117188,0.32435324788093567
